customer_id,segment,action,risk_before,ite_risk_reduction,risk_after,ltv,expected_save_inr,cost_inr,roi
C003797,C_individual,10% discount offer,0.1172,0.2988,0.0,3460.91,1034.12,150.0,5.89
C003797,C_individual,Free upgrade (3 months),0.1172,0.2919,0.0,3460.91,1010.27,400.0,1.53
C003797,C_individual,Personal account manager call,0.1172,0.2933,0.0,3460.91,1015.14,250.0,3.06
C003797,C_individual,Loyalty points bonus,0.1172,0.3029,0.0,3460.91,1048.24,80.0,12.1
C003797,C_individual,Do nothing,0.1172,0.0,0.1172,3460.91,0.0,0.0,0.0
C002639,B_smb,10% discount offer,0.1107,0.0,0.1107,9007.45,0.0,150.0,-1.0
C002639,B_smb,Free upgrade (3 months),0.1107,0.1462,0.0,9007.45,1316.86,400.0,2.29
C002639,B_smb,Personal account manager call,0.1107,0.1446,0.0,9007.45,1302.92,250.0,4.21
C002639,B_smb,Loyalty points bonus,0.1107,0.0,0.1107,9007.45,0.0,80.0,-1.0
C002639,B_smb,Do nothing,0.1107,0.0,0.1107,9007.45,0.0,0.0,0.0
C000873,B_smb,10% discount offer,0.1096,0.0803,0.0293,13941.96,1120.16,150.0,6.47
C000873,B_smb,Free upgrade (3 months),0.1096,0.0619,0.0477,13941.96,862.44,400.0,1.16
C000873,B_smb,Personal account manager call,0.1096,0.1157,0.0,13941.96,1613.65,250.0,5.45
C000873,B_smb,Loyalty points bonus,0.1096,0.1144,0.0,13941.96,1595.62,80.0,18.95
C000873,B_smb,Do nothing,0.1096,0.0,0.1096,13941.96,0.0,0.0,0.0
C005595,C_individual,10% discount offer,0.1096,0.0815,0.0281,4202.91,342.53,150.0,1.28
C005595,C_individual,Free upgrade (3 months),0.1096,0.127,0.0,4202.91,533.68,400.0,0.33
C005595,C_individual,Personal account manager call,0.1096,0.1229,0.0,4202.91,516.63,250.0,1.07
C005595,C_individual,Loyalty points bonus,0.1096,0.1281,0.0,4202.91,538.37,80.0,5.73
C005595,C_individual,Do nothing,0.1096,0.0,0.1096,4202.91,0.0,0.0,0.0
C000662,B_smb,10% discount offer,0.1083,0.7309,0.0,14119.93,10320.83,150.0,67.81
C000662,B_smb,Free upgrade (3 months),0.1083,0.7598,0.0,14119.93,10728.83,400.0,25.82
C000662,B_smb,Personal account manager call,0.1083,0.3334,0.0,14119.93,4708.11,250.0,17.83
C000662,B_smb,Loyalty points bonus,0.1083,0.1445,0.0,14119.93,2040.75,80.0,24.51
C000662,B_smb,Do nothing,0.1083,0.0,0.1083,14119.93,0.0,0.0,0.0
C000568,B_smb,10% discount offer,0.105,0.0,0.105,7565.23,0.0,150.0,-1.0
C000568,B_smb,Free upgrade (3 months),0.105,0.0573,0.0477,7565.23,433.85,400.0,0.08
C000568,B_smb,Personal account manager call,0.105,0.0519,0.0531,7565.23,393.01,250.0,0.57
C000568,B_smb,Loyalty points bonus,0.105,0.0,0.105,7565.23,0.0,80.0,-1.0
C000568,B_smb,Do nothing,0.105,0.0,0.105,7565.23,0.0,0.0,0.0
C000167,C_individual,10% discount offer,0.105,0.1223,0.0,6909.49,845.34,150.0,4.64
C000167,C_individual,Free upgrade (3 months),0.105,0.1281,0.0,6909.49,884.93,400.0,1.21
C000167,C_individual,Personal account manager call,0.105,0.1014,0.0036,6909.49,700.67,250.0,1.8
C000167,C_individual,Loyalty points bonus,0.105,0.1165,0.0,6909.49,804.66,80.0,9.06
C000167,C_individual,Do nothing,0.105,0.0,0.105,6909.49,0.0,0.0,0.0
C003864,C_individual,10% discount offer,0.1046,0.6873,0.0,7846.75,5393.05,150.0,34.95
C003864,C_individual,Free upgrade (3 months),0.1046,0.6899,0.0,7846.75,5413.59,400.0,12.53
C003864,C_individual,Personal account manager call,0.1046,0.6705,0.0,7846.75,5261.33,250.0,20.05
C003864,C_individual,Loyalty points bonus,0.1046,0.6706,0.0,7846.75,5262.09,80.0,64.78
C003864,C_individual,Do nothing,0.1046,0.0,0.1046,7846.75,0.0,0.0,0.0
C002026,C_individual,10% discount offer,0.1039,0.0,0.1039,4361.43,0.0,150.0,-1.0
C002026,C_individual,Free upgrade (3 months),0.1039,0.0589,0.045,4361.43,256.86,400.0,-0.36
C002026,C_individual,Personal account manager call,0.1039,0.0106,0.0933,4361.43,46.17,250.0,-0.82
C002026,C_individual,Loyalty points bonus,0.1039,0.067,0.0368,4361.43,292.3,80.0,2.65
C002026,C_individual,Do nothing,0.1039,0.0,0.1039,4361.43,0.0,0.0,0.0
C001089,B_smb,10% discount offer,0.1039,0.0062,0.0976,10528.86,65.42,150.0,-0.56
C001089,B_smb,Free upgrade (3 months),0.1039,0.0833,0.0206,10528.86,876.6,400.0,1.19
C001089,B_smb,Personal account manager call,0.1039,0.0,0.1039,10528.86,0.0,250.0,-1.0
C001089,B_smb,Loyalty points bonus,0.1039,0.0,0.1039,10528.86,0.0,80.0,-1.0
C001089,B_smb,Do nothing,0.1039,0.0,0.1039,10528.86,0.0,0.0,0.0
C000893,A_enterprise,10% discount offer,0.1032,0.1135,0.0,66030.77,7497.24,150.0,48.98
C000893,A_enterprise,Free upgrade (3 months),0.1032,0.1145,0.0,66030.77,7563.66,400.0,17.91
C000893,A_enterprise,Personal account manager call,0.1032,0.1096,0.0,66030.77,7239.95,250.0,27.96
C000893,A_enterprise,Loyalty points bonus,0.1032,0.1124,0.0,66030.77,7420.77,80.0,91.76
C000893,A_enterprise,Do nothing,0.1032,0.0,0.1032,66030.77,0.0,0.0,0.0
C001829,B_smb,10% discount offer,0.1032,0.0,0.1032,10813.99,0.0,150.0,-1.0
C001829,B_smb,Free upgrade (3 months),0.1032,0.0346,0.0687,10813.99,373.85,400.0,-0.07
C001829,B_smb,Personal account manager call,0.1032,0.0,0.1032,10813.99,0.0,250.0,-1.0
C001829,B_smb,Loyalty points bonus,0.1032,0.0395,0.0637,10813.99,427.18,80.0,4.34
C001829,B_smb,Do nothing,0.1032,0.0,0.1032,10813.99,0.0,0.0,0.0
C003393,A_enterprise,10% discount offer,0.1031,0.2972,0.0,31091.36,9240.51,150.0,60.6
C003393,A_enterprise,Free upgrade (3 months),0.1031,0.3579,0.0,31091.36,11126.61,400.0,26.82
C003393,A_enterprise,Personal account manager call,0.1031,0.3552,0.0,31091.36,11044.18,250.0,43.18
C003393,A_enterprise,Loyalty points bonus,0.1031,0.3592,0.0,31091.36,11166.69,80.0,138.58
C003393,A_enterprise,Do nothing,0.1031,0.0,0.1031,31091.36,0.0,0.0,0.0
C003490,C_individual,10% discount offer,0.1001,0.0673,0.0328,3048.35,205.13,150.0,0.37
C003490,C_individual,Free upgrade (3 months),0.1001,0.1197,0.0,3048.35,364.89,400.0,-0.09
C003490,C_individual,Personal account manager call,0.1001,0.121,0.0,3048.35,368.94,250.0,0.48
C003490,C_individual,Loyalty points bonus,0.1001,0.1229,0.0,3048.35,374.7,80.0,3.68
C003490,C_individual,Do nothing,0.1001,0.0,0.1001,3048.35,0.0,0.0,0.0
C002184,C_individual,10% discount offer,0.0974,0.0269,0.0706,2137.19,57.41,150.0,-0.62
C002184,C_individual,Free upgrade (3 months),0.0974,0.0853,0.0121,2137.19,182.34,400.0,-0.54
C002184,C_individual,Personal account manager call,0.0974,0.0793,0.0182,2137.19,169.4,250.0,-0.32
C002184,C_individual,Loyalty points bonus,0.0974,0.0863,0.0112,2137.19,184.42,80.0,1.31
C002184,C_individual,Do nothing,0.0974,0.0,0.0974,2137.19,0.0,0.0,0.0
C005580,C_individual,10% discount offer,0.0477,0.0305,0.0172,3839.12,117.09,150.0,-0.22
C005580,C_individual,Free upgrade (3 months),0.0477,0.0815,0.0,3839.12,312.72,400.0,-0.22
C005580,C_individual,Personal account manager call,0.0477,0.0893,0.0,3839.12,342.87,250.0,0.37
C005580,C_individual,Loyalty points bonus,0.0477,0.0868,0.0,3839.12,333.38,80.0,3.17
C005580,C_individual,Do nothing,0.0477,0.0,0.0477,3839.12,0.0,0.0,0.0
C001087,C_individual,10% discount offer,0.0477,0.4394,0.0,2287.88,1005.36,150.0,5.7
C001087,C_individual,Free upgrade (3 months),0.0477,0.4832,0.0,2287.88,1105.4,400.0,1.76
C001087,C_individual,Personal account manager call,0.0477,0.478,0.0,2287.88,1093.53,250.0,3.37
C001087,C_individual,Loyalty points bonus,0.0477,0.4824,0.0,2287.88,1103.62,80.0,12.8
C001087,C_individual,Do nothing,0.0477,0.0,0.0477,2287.88,0.0,0.0,0.0
C002832,B_smb,10% discount offer,0.0477,0.1047,0.0,19538.73,2045.5,150.0,12.64
C002832,B_smb,Free upgrade (3 months),0.0477,0.1027,0.0,19538.73,2006.3,400.0,4.02
C002832,B_smb,Personal account manager call,0.0477,0.096,0.0,19538.73,1875.46,250.0,6.5
C002832,B_smb,Loyalty points bonus,0.0477,0.0905,0.0,19538.73,1769.16,80.0,21.11
C002832,B_smb,Do nothing,0.0477,0.0,0.0477,19538.73,0.0,0.0,0.0
C001941,B_smb,10% discount offer,0.0477,0.0899,0.0,11917.08,1071.82,150.0,6.15
C001941,B_smb,Free upgrade (3 months),0.0477,0.3629,0.0,11917.08,4324.81,400.0,9.81
C001941,B_smb,Personal account manager call,0.0477,0.3663,0.0,11917.08,4365.02,250.0,16.46
C001941,B_smb,Loyalty points bonus,0.0477,0.0,0.0477,11917.08,0.0,80.0,-1.0
C001941,B_smb,Do nothing,0.0477,0.0,0.0477,11917.08,0.0,0.0,0.0
C002895,A_enterprise,10% discount offer,0.0471,0.4104,0.0,74639.42,30634.46,150.0,203.23
C002895,A_enterprise,Free upgrade (3 months),0.0471,0.4106,0.0,74639.42,30645.12,400.0,75.61
C002895,A_enterprise,Personal account manager call,0.0471,0.4079,0.0,74639.42,30442.5,250.0,120.77
C002895,A_enterprise,Loyalty points bonus,0.0471,0.4045,0.0,74639.42,30188.2,80.0,376.35
C002895,A_enterprise,Do nothing,0.0471,0.0,0.0471,74639.42,0.0,0.0,0.0
C002806,B_smb,10% discount offer,0.0471,0.217,0.0,17708.24,3842.46,150.0,24.62
C002806,B_smb,Free upgrade (3 months),0.0471,0.2164,0.0,17708.24,3832.65,400.0,8.58
C002806,B_smb,Personal account manager call,0.0471,0.0,0.0471,17708.24,0.0,250.0,-1.0
C002806,B_smb,Loyalty points bonus,0.0471,0.2172,0.0,17708.24,3846.04,80.0,47.08
C002806,B_smb,Do nothing,0.0471,0.0,0.0471,17708.24,0.0,0.0,0.0
C002206,C_individual,10% discount offer,0.0471,0.6174,0.0,2669.37,1648.01,150.0,9.99
C002206,C_individual,Free upgrade (3 months),0.0471,0.6771,0.0,2669.37,1807.51,400.0,3.52
C002206,C_individual,Personal account manager call,0.0471,0.6814,0.0,2669.37,1818.79,250.0,6.28
C002206,C_individual,Loyalty points bonus,0.0471,0.6547,0.0,2669.37,1747.58,80.0,20.84
C002206,C_individual,Do nothing,0.0471,0.0,0.0471,2669.37,0.0,0.0,0.0
C001409,C_individual,10% discount offer,0.0471,0.0,0.0471,5921.07,0.0,150.0,-1.0
C001409,C_individual,Free upgrade (3 months),0.0471,0.0586,0.0,5921.07,346.98,400.0,-0.13
C001409,C_individual,Personal account manager call,0.0471,0.0502,0.0,5921.07,297.27,250.0,0.19
C001409,C_individual,Loyalty points bonus,0.0471,0.0492,0.0,5921.07,291.14,80.0,2.64
C001409,C_individual,Do nothing,0.0471,0.0,0.0471,5921.07,0.0,0.0,0.0
C001452,C_individual,10% discount offer,0.0458,0.0131,0.0327,6989.35,91.5,150.0,-0.39
C001452,C_individual,Free upgrade (3 months),0.0458,0.0163,0.0294,6989.35,114.19,400.0,-0.71
C001452,C_individual,Personal account manager call,0.0458,0.0172,0.0286,6989.35,120.05,250.0,-0.52
C001452,C_individual,Loyalty points bonus,0.0458,0.015,0.0308,6989.35,104.84,80.0,0.31
C001452,C_individual,Do nothing,0.0458,0.0,0.0458,6989.35,0.0,0.0,0.0
C005983,B_smb,10% discount offer,0.0458,0.0,0.0458,16477.86,0.0,150.0,-1.0
C005983,B_smb,Free upgrade (3 months),0.0458,0.1249,0.0,16477.86,2057.62,400.0,4.14
C005983,B_smb,Personal account manager call,0.0458,0.0644,0.0,16477.86,1060.83,250.0,3.24
C005983,B_smb,Loyalty points bonus,0.0458,0.0,0.0458,16477.86,0.0,80.0,-1.0
C005983,B_smb,Do nothing,0.0458,0.0,0.0458,16477.86,0.0,0.0,0.0
C005309,B_smb,10% discount offer,0.0449,0.9288,0.0,18015.94,16733.97,150.0,110.56
C005309,B_smb,Free upgrade (3 months),0.0449,0.9232,0.0,18015.94,16632.46,400.0,40.58
C005309,B_smb,Personal account manager call,0.0449,0.9325,0.0,18015.94,16800.41,250.0,66.2
C005309,B_smb,Loyalty points bonus,0.0449,0.7411,0.0,18015.94,13351.42,80.0,165.89
C005309,B_smb,Do nothing,0.0449,0.0,0.0449,18015.94,0.0,0.0,0.0
C002792,C_individual,10% discount offer,0.0449,0.0,0.0449,4217.3,0.0,150.0,-1.0
C002792,C_individual,Free upgrade (3 months),0.0449,0.0215,0.0234,4217.3,90.6,400.0,-0.77
C002792,C_individual,Personal account manager call,0.0449,0.0206,0.0244,4217.3,86.71,250.0,-0.65
C002792,C_individual,Loyalty points bonus,0.0449,0.0196,0.0254,4217.3,82.47,80.0,0.03
C002792,C_individual,Do nothing,0.0449,0.0,0.0449,4217.3,0.0,0.0,0.0
C005672,B_smb,10% discount offer,0.0449,0.1726,0.0,12793.2,2207.63,150.0,13.72
C005672,B_smb,Free upgrade (3 months),0.0449,0.2228,0.0,12793.2,2850.24,400.0,6.13
C005672,B_smb,Personal account manager call,0.0449,0.2366,0.0,12793.2,3026.82,250.0,11.11
C005672,B_smb,Loyalty points bonus,0.0449,0.0005,0.0445,12793.2,5.95,80.0,-0.93
C005672,B_smb,Do nothing,0.0449,0.0,0.0449,12793.2,0.0,0.0,0.0
C000124,A_enterprise,10% discount offer,0.0449,0.1333,0.0,70956.24,9456.44,150.0,62.04
C000124,A_enterprise,Free upgrade (3 months),0.0449,0.1363,0.0,70956.24,9670.24,400.0,23.18
C000124,A_enterprise,Personal account manager call,0.0449,0.1339,0.0,70956.24,9502.54,250.0,37.01
C000124,A_enterprise,Loyalty points bonus,0.0449,0.1243,0.0,70956.24,8821.97,80.0,109.27
C000124,A_enterprise,Do nothing,0.0449,0.0,0.0449,70956.24,0.0,0.0,0.0
C005626,C_individual,10% discount offer,0.0449,0.5388,0.0,2263.31,1219.44,150.0,7.13
C005626,C_individual,Free upgrade (3 months),0.0449,0.5945,0.0,2263.31,1345.52,400.0,2.36
C005626,C_individual,Personal account manager call,0.0449,0.5925,0.0,2263.31,1340.9,250.0,4.36
C005626,C_individual,Loyalty points bonus,0.0449,0.5951,0.0,2263.31,1346.95,80.0,15.84
C005626,C_individual,Do nothing,0.0449,0.0,0.0449,2263.31,0.0,0.0,0.0
C004613,B_smb,10% discount offer,0.0449,0.169,0.0,18613.41,3145.13,150.0,19.97
C004613,B_smb,Free upgrade (3 months),0.0449,0.2165,0.0,18613.41,4029.21,400.0,9.07
C004613,B_smb,Personal account manager call,0.0449,0.2113,0.0,18613.41,3933.17,250.0,14.73
C004613,B_smb,Loyalty points bonus,0.0449,0.1163,0.0,18613.41,2163.83,80.0,26.05
C004613,B_smb,Do nothing,0.0449,0.0,0.0449,18613.41,0.0,0.0,0.0
C004077,C_individual,10% discount offer,0.0449,0.1353,0.0,3959.09,535.53,150.0,2.57
C004077,C_individual,Free upgrade (3 months),0.0449,0.1384,0.0,3959.09,548.12,400.0,0.37
C004077,C_individual,Personal account manager call,0.0449,0.0797,0.0,3959.09,315.64,250.0,0.26
C004077,C_individual,Loyalty points bonus,0.0449,0.1357,0.0,3959.09,537.27,80.0,5.72
C004077,C_individual,Do nothing,0.0449,0.0,0.0449,3959.09,0.0,0.0,0.0
C004631,B_smb,10% discount offer,0.0449,0.2174,0.0,15318.42,3330.86,150.0,21.21
C004631,B_smb,Free upgrade (3 months),0.0449,0.2413,0.0,15318.42,3696.61,400.0,8.24
C004631,B_smb,Personal account manager call,0.0449,0.1114,0.0,15318.42,1706.4,250.0,5.83
C004631,B_smb,Loyalty points bonus,0.0449,0.2224,0.0,15318.42,3406.33,80.0,41.58
C004631,B_smb,Do nothing,0.0449,0.0,0.0449,15318.42,0.0,0.0,0.0
C003649,C_individual,10% discount offer,0.0449,0.0,0.0449,5481.2,0.0,150.0,-1.0
C003649,C_individual,Free upgrade (3 months),0.0449,0.0155,0.0294,5481.2,84.95,400.0,-0.79
C003649,C_individual,Personal account manager call,0.0449,0.0072,0.0378,5481.2,39.24,250.0,-0.84
C003649,C_individual,Loyalty points bonus,0.0449,0.021,0.0239,5481.2,115.02,80.0,0.44
C003649,C_individual,Do nothing,0.0449,0.0,0.0449,5481.2,0.0,0.0,0.0
C005724,C_individual,10% discount offer,0.0449,0.0,0.0449,3906.21,0.0,150.0,-1.0
C005724,C_individual,Free upgrade (3 months),0.0449,0.0432,0.0016,3906.21,168.92,400.0,-0.58
C005724,C_individual,Personal account manager call,0.0449,0.0,0.0449,3906.21,0.0,250.0,-1.0
C005724,C_individual,Loyalty points bonus,0.0449,0.0414,0.0034,3906.21,161.84,80.0,1.02
C005724,C_individual,Do nothing,0.0449,0.0,0.0449,3906.21,0.0,0.0,0.0
C002644,B_smb,10% discount offer,0.0443,0.101,0.0,15821.55,1597.59,150.0,9.65
C002644,B_smb,Free upgrade (3 months),0.0443,0.0,0.0443,15821.55,0.0,400.0,-1.0
C002644,B_smb,Personal account manager call,0.0443,0.0,0.0443,15821.55,0.0,250.0,-1.0
C002644,B_smb,Loyalty points bonus,0.0443,0.1022,0.0,15821.55,1617.57,80.0,19.22
C002644,B_smb,Do nothing,0.0443,0.0,0.0443,15821.55,0.0,0.0,0.0
C000636,C_individual,10% discount offer,0.0443,0.08,0.0,6601.17,528.01,150.0,2.52
C000636,C_individual,Free upgrade (3 months),0.0443,0.0,0.0443,6601.17,0.0,400.0,-1.0
C000636,C_individual,Personal account manager call,0.0443,0.0628,0.0,6601.17,414.79,250.0,0.66
C000636,C_individual,Loyalty points bonus,0.0443,0.0,0.0443,6601.17,0.0,80.0,-1.0
C000636,C_individual,Do nothing,0.0443,0.0,0.0443,6601.17,0.0,0.0,0.0
C002431,C_individual,10% discount offer,0.0443,0.0,0.0443,3835.28,0.0,150.0,-1.0
C002431,C_individual,Free upgrade (3 months),0.0443,0.1107,0.0,3835.28,424.56,400.0,0.06
C002431,C_individual,Personal account manager call,0.0443,0.0582,0.0,3835.28,223.27,250.0,-0.11
C002431,C_individual,Loyalty points bonus,0.0443,0.1126,0.0,3835.28,431.86,80.0,4.4
C002431,C_individual,Do nothing,0.0443,0.0,0.0443,3835.28,0.0,0.0,0.0
C004899,C_individual,10% discount offer,0.0443,0.0187,0.0256,4367.27,81.49,150.0,-0.46
C004899,C_individual,Free upgrade (3 months),0.0443,0.0099,0.0344,4367.27,43.13,400.0,-0.89
C004899,C_individual,Personal account manager call,0.0443,0.0,0.0443,4367.27,0.0,250.0,-1.0
C004899,C_individual,Loyalty points bonus,0.0443,0.0442,0.0,4367.27,193.11,80.0,1.41
C004899,C_individual,Do nothing,0.0443,0.0,0.0443,4367.27,0.0,0.0,0.0
C003827,B_smb,10% discount offer,0.0443,0.2312,0.0,31180.09,7208.03,150.0,47.05
C003827,B_smb,Free upgrade (3 months),0.0443,0.2319,0.0,31180.09,7232.06,400.0,17.08
C003827,B_smb,Personal account manager call,0.0443,0.2301,0.0,31180.09,7174.85,250.0,27.7
C003827,B_smb,Loyalty points bonus,0.0443,0.2136,0.0,31180.09,6661.17,80.0,82.26
C003827,B_smb,Do nothing,0.0443,0.0,0.0443,31180.09,0.0,0.0,0.0
C004229,B_smb,10% discount offer,0.0443,0.0,0.0443,16067.1,0.0,150.0,-1.0
C004229,B_smb,Free upgrade (3 months),0.0443,0.0644,0.0,16067.1,1035.02,400.0,1.59
C004229,B_smb,Personal account manager call,0.0443,0.0648,0.0,16067.1,1041.39,250.0,3.17
C004229,B_smb,Loyalty points bonus,0.0443,0.0,0.0443,16067.1,0.0,80.0,-1.0
C004229,B_smb,Do nothing,0.0443,0.0,0.0443,16067.1,0.0,0.0,0.0
C003080,B_smb,10% discount offer,0.0443,0.2451,0.0,16687.84,4090.37,150.0,26.27
C003080,B_smb,Free upgrade (3 months),0.0443,0.2899,0.0,16687.84,4837.57,400.0,11.09
C003080,B_smb,Personal account manager call,0.0443,0.227,0.0,16687.84,3788.85,250.0,14.16
C003080,B_smb,Loyalty points bonus,0.0443,0.2869,0.0,16687.84,4787.51,80.0,58.84
C003080,B_smb,Do nothing,0.0443,0.0,0.0443,16687.84,0.0,0.0,0.0
C001796,C_individual,10% discount offer,0.0443,0.0255,0.0187,10482.58,267.65,150.0,0.78
C001796,C_individual,Free upgrade (3 months),0.0443,0.0719,0.0,10482.58,753.26,400.0,0.88
C001796,C_individual,Personal account manager call,0.0443,0.0706,0.0,10482.58,740.29,250.0,1.96
C001796,C_individual,Loyalty points bonus,0.0443,0.0424,0.0019,10482.58,444.13,80.0,4.55
C001796,C_individual,Do nothing,0.0443,0.0,0.0443,10482.58,0.0,0.0,0.0
C005708,A_enterprise,10% discount offer,0.0429,0.8924,0.0,52545.12,46892.58,150.0,311.62
C005708,A_enterprise,Free upgrade (3 months),0.0429,0.8946,0.0,52545.12,47004.6,400.0,116.51
C005708,A_enterprise,Personal account manager call,0.0429,0.8939,0.0,52545.12,46969.8,250.0,186.88
C005708,A_enterprise,Loyalty points bonus,0.0429,0.8944,0.0,52545.12,46994.15,80.0,586.43
C005708,A_enterprise,Do nothing,0.0429,0.0,0.0429,52545.12,0.0,0.0,0.0
C003378,B_smb,10% discount offer,0.0429,0.0515,0.0,10073.24,518.77,150.0,2.46
C003378,B_smb,Free upgrade (3 months),0.0429,0.0816,0.0,10073.24,821.56,400.0,1.05
C003378,B_smb,Personal account manager call,0.0429,0.0447,0.0,10073.24,449.85,250.0,0.8
C003378,B_smb,Loyalty points bonus,0.0429,0.0236,0.0193,10073.24,237.78,80.0,1.97
C003378,B_smb,Do nothing,0.0429,0.0,0.0429,10073.24,0.0,0.0,0.0
C000945,B_smb,10% discount offer,0.0428,0.1662,0.0,27269.8,4532.15,150.0,29.21
C000945,B_smb,Free upgrade (3 months),0.0428,0.1668,0.0,27269.8,4549.41,400.0,10.37
C000945,B_smb,Personal account manager call,0.0428,0.1655,0.0,27269.8,4512.63,250.0,17.05
C000945,B_smb,Loyalty points bonus,0.0428,0.1658,0.0,27269.8,4520.31,80.0,55.5
C000945,B_smb,Do nothing,0.0428,0.0,0.0428,27269.8,0.0,0.0,0.0
C001872,C_individual,10% discount offer,0.0428,0.13,0.0,3053.25,396.95,150.0,1.65
C001872,C_individual,Free upgrade (3 months),0.0428,0.1915,0.0,3053.25,584.73,400.0,0.46
C001872,C_individual,Personal account manager call,0.0428,0.1512,0.0,3053.25,461.73,250.0,0.85
C001872,C_individual,Loyalty points bonus,0.0428,0.1922,0.0,3053.25,586.88,80.0,6.34
C001872,C_individual,Do nothing,0.0428,0.0,0.0428,3053.25,0.0,0.0,0.0
C000622,C_individual,10% discount offer,0.0428,0.0179,0.0248,4778.84,85.75,150.0,-0.43
C000622,C_individual,Free upgrade (3 months),0.0428,0.0436,0.0,4778.84,208.18,400.0,-0.48
C000622,C_individual,Personal account manager call,0.0428,0.0,0.0428,4778.84,0.0,250.0,-1.0
C000622,C_individual,Loyalty points bonus,0.0428,0.0347,0.0081,4778.84,166.02,80.0,1.08
C000622,C_individual,Do nothing,0.0428,0.0,0.0428,4778.84,0.0,0.0,0.0
C003301,B_smb,10% discount offer,0.0423,0.0166,0.0256,20216.23,336.42,150.0,1.24
C003301,B_smb,Free upgrade (3 months),0.0423,0.015,0.0272,20216.23,303.81,400.0,-0.24
C003301,B_smb,Personal account manager call,0.0423,0.0116,0.0307,20216.23,234.0,250.0,-0.06
C003301,B_smb,Loyalty points bonus,0.0423,0.0159,0.0264,20216.23,320.85,80.0,3.01
C003301,B_smb,Do nothing,0.0423,0.0,0.0423,20216.23,0.0,0.0,0.0
C002199,C_individual,10% discount offer,0.0423,0.0136,0.0286,5631.98,76.84,150.0,-0.49
C002199,C_individual,Free upgrade (3 months),0.0423,0.1303,0.0,5631.98,734.0,400.0,0.84
C002199,C_individual,Personal account manager call,0.0423,0.1384,0.0,5631.98,779.6,250.0,2.12
C002199,C_individual,Loyalty points bonus,0.0423,0.1258,0.0,5631.98,708.65,80.0,7.86
C002199,C_individual,Do nothing,0.0423,0.0,0.0423,5631.98,0.0,0.0,0.0
C000080,C_individual,10% discount offer,0.0423,0.0,0.0423,7516.21,0.0,150.0,-1.0
C000080,C_individual,Free upgrade (3 months),0.0423,0.0392,0.0031,7516.21,294.36,400.0,-0.26
C000080,C_individual,Personal account manager call,0.0423,0.0493,0.0,7516.21,370.87,250.0,0.48
C000080,C_individual,Loyalty points bonus,0.0423,0.0471,0.0,7516.21,353.69,80.0,3.42
C000080,C_individual,Do nothing,0.0423,0.0,0.0423,7516.21,0.0,0.0,0.0
C004597,B_smb,10% discount offer,0.0423,0.5206,0.0,10698.15,5569.48,150.0,36.13
C004597,B_smb,Free upgrade (3 months),0.0423,0.525,0.0,10698.15,5616.94,400.0,13.04
C004597,B_smb,Personal account manager call,0.0423,0.4665,0.0,10698.15,4990.16,250.0,18.96
C004597,B_smb,Loyalty points bonus,0.0423,0.4324,0.0,10698.15,4626.16,80.0,56.83
C004597,B_smb,Do nothing,0.0423,0.0,0.0423,10698.15,0.0,0.0,0.0
C003346,C_individual,10% discount offer,0.0423,0.1763,0.0,10172.58,1793.1,150.0,10.95
C003346,C_individual,Free upgrade (3 months),0.0423,0.1817,0.0,10172.58,1847.91,400.0,3.62
C003346,C_individual,Personal account manager call,0.0423,0.1813,0.0,10172.58,1844.44,250.0,6.38
C003346,C_individual,Loyalty points bonus,0.0423,0.0934,0.0,10172.58,950.29,80.0,10.88
C003346,C_individual,Do nothing,0.0423,0.0,0.0423,10172.58,0.0,0.0,0.0
C002024,B_smb,10% discount offer,0.0421,0.0735,0.0,11611.13,853.06,150.0,4.69
C002024,B_smb,Free upgrade (3 months),0.0421,0.0911,0.0,11611.13,1057.9,400.0,1.64
C002024,B_smb,Personal account manager call,0.0421,0.0,0.0421,11611.13,0.0,250.0,-1.0
C002024,B_smb,Loyalty points bonus,0.0421,0.0083,0.0338,11611.13,96.37,80.0,0.2
C002024,B_smb,Do nothing,0.0421,0.0,0.0421,11611.13,0.0,0.0,0.0
C002110,C_individual,10% discount offer,0.0421,0.2539,0.0,8046.83,2043.42,150.0,12.62
C002110,C_individual,Free upgrade (3 months),0.0421,0.1818,0.0,8046.83,1462.55,400.0,2.66
C002110,C_individual,Personal account manager call,0.0421,0.2421,0.0,8046.83,1948.54,250.0,6.79
C002110,C_individual,Loyalty points bonus,0.0421,0.2279,0.0,8046.83,1834.08,80.0,21.93
C002110,C_individual,Do nothing,0.0421,0.0,0.0421,8046.83,0.0,0.0,0.0
C005615,B_smb,10% discount offer,0.0419,0.2808,0.0,8466.04,2377.06,150.0,14.85
C005615,B_smb,Free upgrade (3 months),0.0419,0.1695,0.0,8466.04,1435.02,400.0,2.59
C005615,B_smb,Personal account manager call,0.0419,0.2854,0.0,8466.04,2416.15,250.0,8.66
C005615,B_smb,Loyalty points bonus,0.0419,0.0437,0.0,8466.04,370.37,80.0,3.63
C005615,B_smb,Do nothing,0.0419,0.0,0.0419,8466.04,0.0,0.0,0.0
C004448,C_individual,10% discount offer,0.0419,0.0,0.0419,6275.18,0.0,150.0,-1.0
C004448,C_individual,Free upgrade (3 months),0.0419,0.0956,0.0,6275.18,599.91,400.0,0.5
C004448,C_individual,Personal account manager call,0.0419,0.0914,0.0,6275.18,573.37,250.0,1.29
C004448,C_individual,Loyalty points bonus,0.0419,0.0936,0.0,6275.18,587.61,80.0,6.35
C004448,C_individual,Do nothing,0.0419,0.0,0.0419,6275.18,0.0,0.0,0.0
C005772,B_smb,10% discount offer,0.0419,0.1985,0.0,11720.99,2326.7,150.0,14.51
C005772,B_smb,Free upgrade (3 months),0.0419,0.2212,0.0,11720.99,2592.5,400.0,5.48
C005772,B_smb,Personal account manager call,0.0419,0.2223,0.0,11720.99,2605.51,250.0,9.42
C005772,B_smb,Loyalty points bonus,0.0419,0.2166,0.0,11720.99,2538.32,80.0,30.73
C005772,B_smb,Do nothing,0.0419,0.0,0.0419,11720.99,0.0,0.0,0.0
C004929,B_smb,10% discount offer,0.0419,0.0594,0.0,17265.48,1025.01,150.0,5.83
C004929,B_smb,Free upgrade (3 months),0.0419,0.1229,0.0,17265.48,2121.81,400.0,4.3
C004929,B_smb,Personal account manager call,0.0419,0.1168,0.0,17265.48,2017.25,250.0,7.07
C004929,B_smb,Loyalty points bonus,0.0419,0.1208,0.0,17265.48,2085.76,80.0,25.07
C004929,B_smb,Do nothing,0.0419,0.0,0.0419,17265.48,0.0,0.0,0.0
C005269,B_smb,10% discount offer,0.0419,0.3535,0.0,12650.53,4471.59,150.0,28.81
C005269,B_smb,Free upgrade (3 months),0.0419,0.5218,0.0,12650.53,6600.58,400.0,15.5
C005269,B_smb,Personal account manager call,0.0419,0.4899,0.0,12650.53,6197.03,250.0,23.79
C005269,B_smb,Loyalty points bonus,0.0419,0.0,0.0419,12650.53,0.0,80.0,-1.0
C005269,B_smb,Do nothing,0.0419,0.0,0.0419,12650.53,0.0,0.0,0.0
C005641,C_individual,10% discount offer,0.0419,0.0,0.0419,8730.5,0.0,150.0,-1.0
C005641,C_individual,Free upgrade (3 months),0.0419,0.197,0.0,8730.5,1719.84,400.0,3.3
C005641,C_individual,Personal account manager call,0.0419,0.1972,0.0,8730.5,1721.78,250.0,5.89
C005641,C_individual,Loyalty points bonus,0.0419,0.1714,0.0,8730.5,1496.73,80.0,17.71
C005641,C_individual,Do nothing,0.0419,0.0,0.0419,8730.5,0.0,0.0,0.0
C003923,C_individual,10% discount offer,0.0419,0.0,0.0419,8293.36,0.0,150.0,-1.0
C003923,C_individual,Free upgrade (3 months),0.0419,0.0403,0.0016,8293.36,334.35,400.0,-0.16
C003923,C_individual,Personal account manager call,0.0419,0.0416,0.0004,8293.36,344.71,250.0,0.38
C003923,C_individual,Loyalty points bonus,0.0419,0.0407,0.0012,8293.36,337.95,80.0,3.22
C003923,C_individual,Do nothing,0.0419,0.0,0.0419,8293.36,0.0,0.0,0.0
C005884,B_smb,10% discount offer,0.0419,0.1125,0.0,13827.06,1556.09,150.0,9.37
C005884,B_smb,Free upgrade (3 months),0.0419,0.0984,0.0,13827.06,1360.78,400.0,2.4
C005884,B_smb,Personal account manager call,0.0419,0.1229,0.0,13827.06,1699.56,250.0,5.8
C005884,B_smb,Loyalty points bonus,0.0419,0.1618,0.0,13827.06,2237.59,80.0,26.97
C005884,B_smb,Do nothing,0.0419,0.0,0.0419,13827.06,0.0,0.0,0.0
C004294,C_individual,10% discount offer,0.0416,0.1636,0.0,3258.49,532.96,150.0,2.55
C004294,C_individual,Free upgrade (3 months),0.0416,0.1667,0.0,3258.49,543.24,400.0,0.36
C004294,C_individual,Personal account manager call,0.0416,0.1515,0.0,3258.49,493.6,250.0,0.97
C004294,C_individual,Loyalty points bonus,0.0416,0.1663,0.0,3258.49,541.8,80.0,5.77
C004294,C_individual,Do nothing,0.0416,0.0,0.0416,3258.49,0.0,0.0,0.0
C004453,C_individual,10% discount offer,0.0416,0.0,0.0416,4106.02,0.0,150.0,-1.0
C004453,C_individual,Free upgrade (3 months),0.0416,0.0497,0.0,4106.02,204.08,400.0,-0.49
C004453,C_individual,Personal account manager call,0.0416,0.0429,0.0,4106.02,176.32,250.0,-0.29
C004453,C_individual,Loyalty points bonus,0.0416,0.0,0.0416,4106.02,0.0,80.0,-1.0
C004453,C_individual,Do nothing,0.0416,0.0,0.0416,4106.02,0.0,0.0,0.0
C004099,C_individual,10% discount offer,0.0416,0.9046,0.0,3972.93,3593.89,150.0,22.96
C004099,C_individual,Free upgrade (3 months),0.0416,0.9047,0.0,3972.93,3594.35,400.0,7.99
C004099,C_individual,Personal account manager call,0.0416,0.6389,0.0,3972.93,2538.43,250.0,9.15
C004099,C_individual,Loyalty points bonus,0.0416,0.9043,0.0,3972.93,3592.59,80.0,43.91
C004099,C_individual,Do nothing,0.0416,0.0,0.0416,3972.93,0.0,0.0,0.0
C004718,C_individual,10% discount offer,0.0416,0.1211,0.0,2144.52,259.69,150.0,0.73
C004718,C_individual,Free upgrade (3 months),0.0416,0.1219,0.0,2144.52,261.39,400.0,-0.35
C004718,C_individual,Personal account manager call,0.0416,0.1004,0.0,2144.52,215.41,250.0,-0.14
C004718,C_individual,Loyalty points bonus,0.0416,0.0418,0.0,2144.52,89.73,80.0,0.12
C004718,C_individual,Do nothing,0.0416,0.0,0.0416,2144.52,0.0,0.0,0.0
C004491,C_individual,10% discount offer,0.0416,0.1293,0.0,2994.1,387.02,150.0,1.58
C004491,C_individual,Free upgrade (3 months),0.0416,0.1536,0.0,2994.1,460.04,400.0,0.15
C004491,C_individual,Personal account manager call,0.0416,0.1475,0.0,2994.1,441.54,250.0,0.77
C004491,C_individual,Loyalty points bonus,0.0416,0.1543,0.0,2994.1,461.97,80.0,4.77
C004491,C_individual,Do nothing,0.0416,0.0,0.0416,2994.1,0.0,0.0,0.0
C005793,A_enterprise,10% discount offer,0.0416,0.0677,0.0,34235.47,2318.41,150.0,14.46
C005793,A_enterprise,Free upgrade (3 months),0.0416,0.0814,0.0,34235.47,2788.37,400.0,5.97
C005793,A_enterprise,Personal account manager call,0.0416,0.08,0.0,34235.47,2739.11,250.0,9.96
C005793,A_enterprise,Loyalty points bonus,0.0416,0.0798,0.0,34235.47,2731.17,80.0,33.14
C005793,A_enterprise,Do nothing,0.0416,0.0,0.0416,34235.47,0.0,0.0,0.0
C005263,C_individual,10% discount offer,0.0416,0.1552,0.0,5416.37,840.48,150.0,4.6
C005263,C_individual,Free upgrade (3 months),0.0416,0.1617,0.0,5416.37,876.0,400.0,1.19
C005263,C_individual,Personal account manager call,0.0416,0.0093,0.0323,5416.37,50.51,250.0,-0.8
C005263,C_individual,Loyalty points bonus,0.0416,0.0,0.0416,5416.37,0.0,80.0,-1.0
C005263,C_individual,Do nothing,0.0416,0.0,0.0416,5416.37,0.0,0.0,0.0
C004411,A_enterprise,10% discount offer,0.0416,0.3705,0.0,58138.9,21542.24,150.0,142.61
C004411,A_enterprise,Free upgrade (3 months),0.0416,0.8926,0.0,58138.9,51893.23,400.0,128.73
C004411,A_enterprise,Personal account manager call,0.0416,0.8872,0.0,58138.9,51580.87,250.0,205.32
C004411,A_enterprise,Loyalty points bonus,0.0416,0.8908,0.0,58138.9,51790.99,80.0,646.39
C004411,A_enterprise,Do nothing,0.0416,0.0,0.0416,58138.9,0.0,0.0,0.0
C004258,C_individual,10% discount offer,0.0416,0.132,0.0,2727.06,360.09,150.0,1.4
C004258,C_individual,Free upgrade (3 months),0.0416,0.1906,0.0,2727.06,519.67,400.0,0.3
C004258,C_individual,Personal account manager call,0.0416,0.1767,0.0,2727.06,481.98,250.0,0.93
C004258,C_individual,Loyalty points bonus,0.0416,0.1908,0.0,2727.06,520.31,80.0,5.5
C004258,C_individual,Do nothing,0.0416,0.0,0.0416,2727.06,0.0,0.0,0.0
C005292,C_individual,10% discount offer,0.0416,0.0,0.0416,8792.41,0.0,150.0,-1.0
C005292,C_individual,Free upgrade (3 months),0.0416,0.2444,0.0,8792.41,2148.55,400.0,4.37
C005292,C_individual,Personal account manager call,0.0416,0.2457,0.0,8792.41,2160.17,250.0,7.64
C005292,C_individual,Loyalty points bonus,0.0416,0.2425,0.0,8792.41,2131.96,80.0,25.65
C005292,C_individual,Do nothing,0.0416,0.0,0.0416,8792.41,0.0,0.0,0.0
C004803,B_smb,10% discount offer,0.0416,0.1588,0.0,20101.69,3191.66,150.0,20.28
C004803,B_smb,Free upgrade (3 months),0.0416,0.3831,0.0,20101.69,7700.3,400.0,18.25
C004803,B_smb,Personal account manager call,0.0416,0.3144,0.0,20101.69,6319.33,250.0,24.28
C004803,B_smb,Loyalty points bonus,0.0416,0.3821,0.0,20101.69,7681.86,80.0,95.02
C004803,B_smb,Do nothing,0.0416,0.0,0.0416,20101.69,0.0,0.0,0.0
C005814,C_individual,10% discount offer,0.0416,0.0635,0.0,3372.45,214.03,150.0,0.43
C005814,C_individual,Free upgrade (3 months),0.0416,0.0707,0.0,3372.45,238.56,400.0,-0.4
C005814,C_individual,Personal account manager call,0.0416,0.0541,0.0,3372.45,182.46,250.0,-0.27
C005814,C_individual,Loyalty points bonus,0.0416,0.0725,0.0,3372.45,244.47,80.0,2.06
C005814,C_individual,Do nothing,0.0416,0.0,0.0416,3372.45,0.0,0.0,0.0
C004993,B_smb,10% discount offer,0.0413,0.0108,0.0304,26552.42,287.8,150.0,0.92
C004993,B_smb,Free upgrade (3 months),0.0413,0.0118,0.0295,26552.42,313.93,400.0,-0.22
C004993,B_smb,Personal account manager call,0.0413,0.0108,0.0305,26552.42,286.23,250.0,0.14
C004993,B_smb,Loyalty points bonus,0.0413,0.0,0.0413,26552.42,0.0,80.0,-1.0
C004993,B_smb,Do nothing,0.0413,0.0,0.0413,26552.42,0.0,0.0,0.0
C004565,C_individual,10% discount offer,0.0413,0.0075,0.0338,3613.51,27.14,150.0,-0.82
C004565,C_individual,Free upgrade (3 months),0.0413,0.0,0.0413,3613.51,0.0,400.0,-1.0
C004565,C_individual,Personal account manager call,0.0413,0.0251,0.0162,3613.51,90.54,250.0,-0.64
C004565,C_individual,Loyalty points bonus,0.0413,0.0169,0.0243,3613.51,61.17,80.0,-0.24
C004565,C_individual,Do nothing,0.0413,0.0,0.0413,3613.51,0.0,0.0,0.0
C005537,C_individual,10% discount offer,0.0413,0.1723,0.0,3083.85,531.39,150.0,2.54
C005537,C_individual,Free upgrade (3 months),0.0413,0.1783,0.0,3083.85,549.96,400.0,0.37
C005537,C_individual,Personal account manager call,0.0413,0.1692,0.0,3083.85,521.69,250.0,1.09
C005537,C_individual,Loyalty points bonus,0.0413,0.178,0.0,3083.85,548.97,80.0,5.86
C005537,C_individual,Do nothing,0.0413,0.0,0.0413,3083.85,0.0,0.0,0.0
C003158,C_individual,10% discount offer,0.0412,0.2976,0.0,3845.5,1144.29,150.0,6.63
C003158,C_individual,Free upgrade (3 months),0.0412,0.3004,0.0,3845.5,1155.21,400.0,1.89
C003158,C_individual,Personal account manager call,0.0412,0.0,0.0412,3845.5,0.0,250.0,-1.0
C003158,C_individual,Loyalty points bonus,0.0412,0.3,0.0,3845.5,1153.54,80.0,13.42
C003158,C_individual,Do nothing,0.0412,0.0,0.0412,3845.5,0.0,0.0,0.0
C003603,B_smb,10% discount offer,0.0412,0.0634,0.0,22650.45,1436.18,150.0,8.57
C003603,B_smb,Free upgrade (3 months),0.0412,0.0604,0.0,22650.45,1367.5,400.0,2.42
C003603,B_smb,Personal account manager call,0.0412,0.059,0.0,22650.45,1335.97,250.0,4.34
C003603,B_smb,Loyalty points bonus,0.0412,0.0631,0.0,22650.45,1430.23,80.0,16.88
C003603,B_smb,Do nothing,0.0412,0.0,0.0412,22650.45,0.0,0.0,0.0
C002371,B_smb,10% discount offer,0.0412,0.3249,0.0,17685.44,5746.75,150.0,37.31
C002371,B_smb,Free upgrade (3 months),0.0412,0.3229,0.0,17685.44,5710.5,400.0,13.28
C002371,B_smb,Personal account manager call,0.0412,0.3148,0.0,17685.44,5567.79,250.0,21.27
C002371,B_smb,Loyalty points bonus,0.0412,0.3089,0.0,17685.44,5463.1,80.0,67.29
C002371,B_smb,Do nothing,0.0412,0.0,0.0412,17685.44,0.0,0.0,0.0
C002546,C_individual,10% discount offer,0.0412,0.2539,0.0,5251.21,1333.18,150.0,7.89
C002546,C_individual,Free upgrade (3 months),0.0412,0.2919,0.0,5251.21,1532.94,400.0,2.83
C002546,C_individual,Personal account manager call,0.0412,0.0931,0.0,5251.21,488.75,250.0,0.96
C002546,C_individual,Loyalty points bonus,0.0412,0.2828,0.0,5251.21,1484.96,80.0,17.56
C002546,C_individual,Do nothing,0.0412,0.0,0.0412,5251.21,0.0,0.0,0.0
C002227,A_enterprise,10% discount offer,0.0412,0.0,0.0412,61708.87,0.0,150.0,-1.0
C002227,A_enterprise,Free upgrade (3 months),0.0412,0.3819,0.0,61708.87,23568.98,400.0,57.92
C002227,A_enterprise,Personal account manager call,0.0412,0.3802,0.0,61708.87,23459.61,250.0,92.84
C002227,A_enterprise,Loyalty points bonus,0.0412,0.3822,0.0,61708.87,23582.41,80.0,293.78
C002227,A_enterprise,Do nothing,0.0412,0.0,0.0412,61708.87,0.0,0.0,0.0
C002673,B_smb,10% discount offer,0.0412,0.3449,0.0,12229.46,4217.7,150.0,27.12
C002673,B_smb,Free upgrade (3 months),0.0412,0.3331,0.0,12229.46,4073.72,400.0,9.18
C002673,B_smb,Personal account manager call,0.0412,0.3016,0.0,12229.46,3688.63,250.0,13.75
C002673,B_smb,Loyalty points bonus,0.0412,0.3475,0.0,12229.46,4249.45,80.0,52.12
C002673,B_smb,Do nothing,0.0412,0.0,0.0412,12229.46,0.0,0.0,0.0
C002225,B_smb,10% discount offer,0.0412,0.5551,0.0,18850.48,10463.37,150.0,68.76
C002225,B_smb,Free upgrade (3 months),0.0412,0.5456,0.0,18850.48,10284.15,400.0,24.71
C002225,B_smb,Personal account manager call,0.0412,0.5534,0.0,18850.48,10431.1,250.0,40.72
C002225,B_smb,Loyalty points bonus,0.0412,0.5545,0.0,18850.48,10452.29,80.0,129.65
C002225,B_smb,Do nothing,0.0412,0.0,0.0412,18850.48,0.0,0.0,0.0
C004639,B_smb,10% discount offer,0.041,0.2007,0.0,17756.31,3563.68,150.0,22.76
C004639,B_smb,Free upgrade (3 months),0.041,0.2269,0.0,17756.31,4028.29,400.0,9.07
C004639,B_smb,Personal account manager call,0.041,0.1653,0.0,17756.31,2934.28,250.0,10.74
C004639,B_smb,Loyalty points bonus,0.041,0.1945,0.0,17756.31,3453.26,80.0,42.17
C004639,B_smb,Do nothing,0.041,0.0,0.041,17756.31,0.0,0.0,0.0
C000856,C_individual,10% discount offer,0.041,0.036,0.005,6060.68,217.91,150.0,0.45
C000856,C_individual,Free upgrade (3 months),0.041,0.0557,0.0,6060.68,337.5,400.0,-0.16
C000856,C_individual,Personal account manager call,0.041,0.053,0.0,6060.68,321.14,250.0,0.28
C000856,C_individual,Loyalty points bonus,0.041,0.035,0.0059,6060.68,212.34,80.0,1.65
C000856,C_individual,Do nothing,0.041,0.0,0.041,6060.68,0.0,0.0,0.0
C004659,B_smb,10% discount offer,0.0409,0.2145,0.0,13835.93,2967.36,150.0,18.78
C004659,B_smb,Free upgrade (3 months),0.0409,0.2097,0.0,13835.93,2901.76,400.0,6.25
C004659,B_smb,Personal account manager call,0.0409,0.0613,0.0,13835.93,848.69,250.0,2.39
C004659,B_smb,Loyalty points bonus,0.0409,0.2162,0.0,13835.93,2991.23,80.0,36.39
C004659,B_smb,Do nothing,0.0409,0.0,0.0409,13835.93,0.0,0.0,0.0
C004414,B_smb,10% discount offer,0.0409,0.0,0.0409,21964.25,0.0,150.0,-1.0
C004414,B_smb,Free upgrade (3 months),0.0409,0.0699,0.0,21964.25,1534.76,400.0,2.84
C004414,B_smb,Personal account manager call,0.0409,0.0675,0.0,21964.25,1482.64,250.0,4.93
C004414,B_smb,Loyalty points bonus,0.0409,0.0267,0.0142,21964.25,586.16,80.0,6.33
C004414,B_smb,Do nothing,0.0409,0.0,0.0409,21964.25,0.0,0.0,0.0
C005908,B_smb,10% discount offer,0.0409,0.0,0.0409,11935.64,0.0,150.0,-1.0
C005908,B_smb,Free upgrade (3 months),0.0409,0.0437,0.0,11935.64,521.32,400.0,0.3
C005908,B_smb,Personal account manager call,0.0409,0.0,0.0409,11935.64,0.0,250.0,-1.0
C005908,B_smb,Loyalty points bonus,0.0409,0.0451,0.0,11935.64,538.58,80.0,5.73
C005908,B_smb,Do nothing,0.0409,0.0,0.0409,11935.64,0.0,0.0,0.0
C004289,C_individual,10% discount offer,0.0409,0.176,0.0,4361.9,767.63,150.0,4.12
C004289,C_individual,Free upgrade (3 months),0.0409,0.3099,0.0,4361.9,1351.82,400.0,2.38
C004289,C_individual,Personal account manager call,0.0409,0.3105,0.0,4361.9,1354.47,250.0,4.42
C004289,C_individual,Loyalty points bonus,0.0409,0.309,0.0,4361.9,1347.85,80.0,15.85
C004289,C_individual,Do nothing,0.0409,0.0,0.0409,4361.9,0.0,0.0,0.0
C003138,C_individual,10% discount offer,0.0409,0.0,0.0409,2264.9,0.0,150.0,-1.0
C003138,C_individual,Free upgrade (3 months),0.0409,0.1148,0.0,2264.9,260.12,400.0,-0.35
C003138,C_individual,Personal account manager call,0.0409,0.1116,0.0,2264.9,252.7,250.0,0.01
C003138,C_individual,Loyalty points bonus,0.0409,0.1162,0.0,2264.9,263.23,80.0,2.29
C003138,C_individual,Do nothing,0.0409,0.0,0.0409,2264.9,0.0,0.0,0.0
C000860,C_individual,10% discount offer,0.0402,0.4257,0.0,8138.83,3465.03,150.0,22.1
C000860,C_individual,Free upgrade (3 months),0.0402,0.4259,0.0,8138.83,3465.95,400.0,7.66
C000860,C_individual,Personal account manager call,0.0402,0.4241,0.0,8138.83,3451.44,250.0,12.81
C000860,C_individual,Loyalty points bonus,0.0402,0.4263,0.0,8138.83,3469.65,80.0,42.37
C000860,C_individual,Do nothing,0.0402,0.0,0.0402,8138.83,0.0,0.0,0.0
C000087,B_smb,10% discount offer,0.0402,0.0,0.0402,8329.11,0.0,150.0,-1.0
C000087,B_smb,Free upgrade (3 months),0.0402,0.1183,0.0,8329.11,985.37,400.0,1.46
C000087,B_smb,Personal account manager call,0.0402,0.1358,0.0,8329.11,1130.9,250.0,3.52
C000087,B_smb,Loyalty points bonus,0.0402,0.1139,0.0,8329.11,948.51,80.0,10.86
C000087,B_smb,Do nothing,0.0402,0.0,0.0402,8329.11,0.0,0.0,0.0
C001523,C_individual,10% discount offer,0.0402,0.0529,0.0,5098.57,269.57,150.0,0.8
C001523,C_individual,Free upgrade (3 months),0.0402,0.0561,0.0,5098.57,285.86,400.0,-0.29
C001523,C_individual,Personal account manager call,0.0402,0.0,0.0402,5098.57,0.0,250.0,-1.0
C001523,C_individual,Loyalty points bonus,0.0402,0.055,0.0,5098.57,280.56,80.0,2.51
C001523,C_individual,Do nothing,0.0402,0.0,0.0402,5098.57,0.0,0.0,0.0
C001671,C_individual,10% discount offer,0.0402,0.1899,0.0,2183.81,414.78,150.0,1.77
C001671,C_individual,Free upgrade (3 months),0.0402,0.2237,0.0,2183.81,488.57,400.0,0.22
C001671,C_individual,Personal account manager call,0.0402,0.2235,0.0,2183.81,488.04,250.0,0.95
C001671,C_individual,Loyalty points bonus,0.0402,0.2234,0.0,2183.81,487.84,80.0,5.1
C001671,C_individual,Do nothing,0.0402,0.0,0.0402,2183.81,0.0,0.0,0.0
C001380,B_smb,10% discount offer,0.0402,0.2081,0.0,12623.21,2626.76,150.0,16.51
C001380,B_smb,Free upgrade (3 months),0.0402,0.2127,0.0,12623.21,2684.56,400.0,5.71
C001380,B_smb,Personal account manager call,0.0402,0.0,0.0402,12623.21,0.0,250.0,-1.0
C001380,B_smb,Loyalty points bonus,0.0402,0.1628,0.0,12623.21,2054.91,80.0,24.69
C001380,B_smb,Do nothing,0.0402,0.0,0.0402,12623.21,0.0,0.0,0.0
C000431,C_individual,10% discount offer,0.0402,0.0926,0.0,4625.6,428.21,150.0,1.85
C000431,C_individual,Free upgrade (3 months),0.0402,0.1031,0.0,4625.6,476.92,400.0,0.19
C000431,C_individual,Personal account manager call,0.0402,0.102,0.0,4625.6,471.98,250.0,0.89
C000431,C_individual,Loyalty points bonus,0.0402,0.101,0.0,4625.6,467.38,80.0,4.84
C000431,C_individual,Do nothing,0.0402,0.0,0.0402,4625.6,0.0,0.0,0.0
C001886,A_enterprise,10% discount offer,0.0402,0.87,0.0,50331.92,43790.9,150.0,290.94
C001886,A_enterprise,Free upgrade (3 months),0.0402,0.8682,0.0,50331.92,43700.3,400.0,108.25
C001886,A_enterprise,Personal account manager call,0.0402,0.867,0.0,50331.92,43637.25,250.0,173.55
C001886,A_enterprise,Loyalty points bonus,0.0402,0.8702,0.0,50331.92,43800.07,80.0,546.5
C001886,A_enterprise,Do nothing,0.0402,0.0,0.0402,50331.92,0.0,0.0,0.0
C000975,C_individual,10% discount offer,0.04,0.1438,0.0,2842.59,408.86,150.0,1.73
C000975,C_individual,Free upgrade (3 months),0.04,0.3861,0.0,2842.59,1097.47,400.0,1.74
C000975,C_individual,Personal account manager call,0.04,0.3795,0.0,2842.59,1078.9,250.0,3.32
C000975,C_individual,Loyalty points bonus,0.04,0.3874,0.0,2842.59,1101.13,80.0,12.76
C000975,C_individual,Do nothing,0.04,0.0,0.04,2842.59,0.0,0.0,0.0
C005317,C_individual,10% discount offer,0.04,0.2459,0.0,2530.12,622.03,150.0,3.15
C005317,C_individual,Free upgrade (3 months),0.04,0.3262,0.0,2530.12,825.44,400.0,1.06
C005317,C_individual,Personal account manager call,0.04,0.312,0.0,2530.12,789.44,250.0,2.16
C005317,C_individual,Loyalty points bonus,0.04,0.3217,0.0,2530.12,813.88,80.0,9.17
C005317,C_individual,Do nothing,0.04,0.0,0.04,2530.12,0.0,0.0,0.0
C003844,C_individual,10% discount offer,0.0399,0.8808,0.0,3366.34,2965.2,150.0,18.77
C003844,C_individual,Free upgrade (3 months),0.0399,0.884,0.0,3366.34,2975.96,400.0,6.44
C003844,C_individual,Personal account manager call,0.0399,0.8081,0.0,3366.34,2720.48,250.0,9.88
C003844,C_individual,Loyalty points bonus,0.0399,0.8843,0.0,3366.34,2976.72,80.0,36.21
C003844,C_individual,Do nothing,0.0399,0.0,0.0399,3366.34,0.0,0.0,0.0
C003128,C_individual,10% discount offer,0.0397,0.3418,0.0,2063.45,705.35,150.0,3.7
C003128,C_individual,Free upgrade (3 months),0.0397,0.4464,0.0,2063.45,921.19,400.0,1.3
C003128,C_individual,Personal account manager call,0.0397,0.4433,0.0,2063.45,914.78,250.0,2.66
C003128,C_individual,Loyalty points bonus,0.0397,0.4454,0.0,2063.45,919.02,80.0,10.49
C003128,C_individual,Do nothing,0.0397,0.0,0.0397,2063.45,0.0,0.0,0.0
C005681,B_smb,10% discount offer,0.0396,0.0853,0.0,11337.59,967.0,150.0,5.45
C005681,B_smb,Free upgrade (3 months),0.0396,0.1094,0.0,11337.59,1240.23,400.0,2.1
C005681,B_smb,Personal account manager call,0.0396,0.1078,0.0,11337.59,1221.74,250.0,3.89
C005681,B_smb,Loyalty points bonus,0.0396,0.1099,0.0,11337.59,1245.88,80.0,14.57
C005681,B_smb,Do nothing,0.0396,0.0,0.0396,11337.59,0.0,0.0,0.0
C004821,B_smb,10% discount offer,0.0396,0.0906,0.0,19519.55,1767.97,150.0,10.79
C004821,B_smb,Free upgrade (3 months),0.0396,0.0954,0.0,19519.55,1862.31,400.0,3.66
C004821,B_smb,Personal account manager call,0.0396,0.0695,0.0,19519.55,1356.72,250.0,4.43
C004821,B_smb,Loyalty points bonus,0.0396,0.0953,0.0,19519.55,1860.33,80.0,22.25
C004821,B_smb,Do nothing,0.0396,0.0,0.0396,19519.55,0.0,0.0,0.0
C005333,B_smb,10% discount offer,0.0396,0.466,0.0,15945.44,7430.81,150.0,48.54
C005333,B_smb,Free upgrade (3 months),0.0396,0.2287,0.0,15945.44,3646.66,400.0,8.12
C005333,B_smb,Personal account manager call,0.0396,0.4711,0.0,15945.44,7511.93,250.0,29.05
C005333,B_smb,Loyalty points bonus,0.0396,0.4168,0.0,15945.44,6646.77,80.0,82.08
C005333,B_smb,Do nothing,0.0396,0.0,0.0396,15945.44,0.0,0.0,0.0
C000830,C_individual,10% discount offer,0.0395,0.0,0.0395,5854.27,0.0,150.0,-1.0
C000830,C_individual,Free upgrade (3 months),0.0395,0.0236,0.0159,5854.27,138.36,400.0,-0.65
C000830,C_individual,Personal account manager call,0.0395,0.0,0.0395,5854.27,0.0,250.0,-1.0
C000830,C_individual,Loyalty points bonus,0.0395,0.0233,0.0162,5854.27,136.22,80.0,0.7
C000830,C_individual,Do nothing,0.0395,0.0,0.0395,5854.27,0.0,0.0,0.0
C002860,B_smb,10% discount offer,0.0395,0.1301,0.0,17028.25,2215.23,150.0,13.77
C002860,B_smb,Free upgrade (3 months),0.0395,0.1259,0.0,17028.25,2144.16,400.0,4.36
C002860,B_smb,Personal account manager call,0.0395,0.11,0.0,17028.25,1873.31,250.0,6.49
C002860,B_smb,Loyalty points bonus,0.0395,0.1287,0.0,17028.25,2190.94,80.0,26.39
C002860,B_smb,Do nothing,0.0395,0.0,0.0395,17028.25,0.0,0.0,0.0
C002884,C_individual,10% discount offer,0.0395,0.0,0.0395,7160.21,0.0,150.0,-1.0
C002884,C_individual,Free upgrade (3 months),0.0395,0.0545,0.0,7160.21,390.16,400.0,-0.02
C002884,C_individual,Personal account manager call,0.0395,0.049,0.0,7160.21,350.92,250.0,0.4
C002884,C_individual,Loyalty points bonus,0.0395,0.0,0.0395,7160.21,0.0,80.0,-1.0
C002884,C_individual,Do nothing,0.0395,0.0,0.0395,7160.21,0.0,0.0,0.0
C003361,B_smb,10% discount offer,0.0395,0.1985,0.0,15334.54,3044.35,150.0,19.3
C003361,B_smb,Free upgrade (3 months),0.0395,0.157,0.0,15334.54,2407.8,400.0,5.02
C003361,B_smb,Personal account manager call,0.0395,0.0,0.0395,15334.54,0.0,250.0,-1.0
C003361,B_smb,Loyalty points bonus,0.0395,0.0,0.0395,15334.54,0.0,80.0,-1.0
C003361,B_smb,Do nothing,0.0395,0.0,0.0395,15334.54,0.0,0.0,0.0
C003936,B_smb,10% discount offer,0.0393,0.0459,0.0,10631.8,487.95,150.0,2.25
C003936,B_smb,Free upgrade (3 months),0.0393,0.3309,0.0,10631.8,3517.98,400.0,7.79
C003936,B_smb,Personal account manager call,0.0393,0.2842,0.0,10631.8,3021.86,250.0,11.09
C003936,B_smb,Loyalty points bonus,0.0393,0.2899,0.0,10631.8,3082.27,80.0,37.53
C003936,B_smb,Do nothing,0.0393,0.0,0.0393,10631.8,0.0,0.0,0.0
C004823,C_individual,10% discount offer,0.0393,0.0453,0.0,4983.3,225.55,150.0,0.5
C004823,C_individual,Free upgrade (3 months),0.0393,0.0583,0.0,4983.3,290.63,400.0,-0.27
C004823,C_individual,Personal account manager call,0.0393,0.0581,0.0,4983.3,289.55,250.0,0.16
C004823,C_individual,Loyalty points bonus,0.0393,0.033,0.0063,4983.3,164.43,80.0,1.06
C004823,C_individual,Do nothing,0.0393,0.0,0.0393,4983.3,0.0,0.0,0.0
C005350,C_individual,10% discount offer,0.0393,0.1549,0.0,7746.0,1200.21,150.0,7.0
C005350,C_individual,Free upgrade (3 months),0.0393,0.1703,0.0,7746.0,1318.99,400.0,2.3
C005350,C_individual,Personal account manager call,0.0393,0.0,0.0393,7746.0,0.0,250.0,-1.0
C005350,C_individual,Loyalty points bonus,0.0393,0.1702,0.0,7746.0,1318.62,80.0,15.48
C005350,C_individual,Do nothing,0.0393,0.0,0.0393,7746.0,0.0,0.0,0.0
C004192,C_individual,10% discount offer,0.0393,0.0275,0.0118,4824.8,132.49,150.0,-0.12
C004192,C_individual,Free upgrade (3 months),0.0393,0.0288,0.0105,4824.8,138.9,400.0,-0.65
C004192,C_individual,Personal account manager call,0.0393,0.0,0.0393,4824.8,0.0,250.0,-1.0
C004192,C_individual,Loyalty points bonus,0.0393,0.0288,0.0105,4824.8,138.96,80.0,0.74
C004192,C_individual,Do nothing,0.0393,0.0,0.0393,4824.8,0.0,0.0,0.0
C002594,B_smb,10% discount offer,0.0393,0.4843,0.0,14384.54,6966.55,150.0,45.44
C002594,B_smb,Free upgrade (3 months),0.0393,0.4882,0.0,14384.54,7021.98,400.0,16.55
C002594,B_smb,Personal account manager call,0.0393,0.134,0.0,14384.54,1927.99,250.0,6.71
C002594,B_smb,Loyalty points bonus,0.0393,0.4438,0.0,14384.54,6384.05,80.0,78.8
C002594,B_smb,Do nothing,0.0393,0.0,0.0393,14384.54,0.0,0.0,0.0
C003032,B_smb,10% discount offer,0.0393,0.3303,0.0,17553.17,5797.35,150.0,37.65
C003032,B_smb,Free upgrade (3 months),0.0393,0.3326,0.0,17553.17,5837.6,400.0,13.59
C003032,B_smb,Personal account manager call,0.0393,0.2631,0.0,17553.17,4619.05,250.0,17.48
C003032,B_smb,Loyalty points bonus,0.0393,0.2875,0.0,17553.17,5046.73,80.0,62.08
C003032,B_smb,Do nothing,0.0393,0.0,0.0393,17553.17,0.0,0.0,0.0
C004162,C_individual,10% discount offer,0.0393,0.7457,0.0,8169.78,6092.17,150.0,39.61
C004162,C_individual,Free upgrade (3 months),0.0393,0.893,0.0,8169.78,7295.84,400.0,17.24
C004162,C_individual,Personal account manager call,0.0393,0.8708,0.0,8169.78,7113.88,250.0,27.46
C004162,C_individual,Loyalty points bonus,0.0393,0.8835,0.0,8169.78,7218.35,80.0,89.23
C004162,C_individual,Do nothing,0.0393,0.0,0.0393,8169.78,0.0,0.0,0.0
C000822,B_smb,10% discount offer,0.0393,0.3025,0.0,11264.92,3408.03,150.0,21.72
C000822,B_smb,Free upgrade (3 months),0.0393,0.3155,0.0,11264.92,3553.71,400.0,7.88
C000822,B_smb,Personal account manager call,0.0393,0.3094,0.0,11264.92,3485.56,250.0,12.94
C000822,B_smb,Loyalty points bonus,0.0393,0.3057,0.0,11264.92,3443.71,80.0,42.05
C000822,B_smb,Do nothing,0.0393,0.0,0.0393,11264.92,0.0,0.0,0.0
C003081,A_enterprise,10% discount offer,0.0393,0.051,0.0,32131.81,1639.03,150.0,9.93
C003081,A_enterprise,Free upgrade (3 months),0.0393,0.0577,0.0,32131.81,1854.3,400.0,3.64
C003081,A_enterprise,Personal account manager call,0.0393,0.0485,0.0,32131.81,1558.7,250.0,5.23
C003081,A_enterprise,Loyalty points bonus,0.0393,0.0572,0.0,32131.81,1837.77,80.0,21.97
C003081,A_enterprise,Do nothing,0.0393,0.0,0.0393,32131.81,0.0,0.0,0.0
C002602,B_smb,10% discount offer,0.0393,0.1097,0.0,13813.73,1515.14,150.0,9.1
C002602,B_smb,Free upgrade (3 months),0.0393,0.1218,0.0,13813.73,1682.22,400.0,3.21
C002602,B_smb,Personal account manager call,0.0393,0.0,0.0393,13813.73,0.0,250.0,-1.0
C002602,B_smb,Loyalty points bonus,0.0393,0.0869,0.0,13813.73,1200.84,80.0,14.01
C002602,B_smb,Do nothing,0.0393,0.0,0.0393,13813.73,0.0,0.0,0.0
C003230,B_smb,10% discount offer,0.0393,0.1514,0.0,23324.73,3530.41,150.0,22.54
C003230,B_smb,Free upgrade (3 months),0.0393,0.1739,0.0,23324.73,4055.96,400.0,9.14
C003230,B_smb,Personal account manager call,0.0393,0.1557,0.0,23324.73,3631.4,250.0,13.53
C003230,B_smb,Loyalty points bonus,0.0393,0.1721,0.0,23324.73,4013.79,80.0,49.17
C003230,B_smb,Do nothing,0.0393,0.0,0.0393,23324.73,0.0,0.0,0.0
C005319,B_smb,10% discount offer,0.0393,0.1003,0.0,23760.61,2383.15,150.0,14.89
C005319,B_smb,Free upgrade (3 months),0.0393,0.1558,0.0,23760.61,3702.52,400.0,8.26
C005319,B_smb,Personal account manager call,0.0393,0.1507,0.0,23760.61,3581.19,250.0,13.32
C005319,B_smb,Loyalty points bonus,0.0393,0.154,0.0,23760.61,3659.39,80.0,44.74
C005319,B_smb,Do nothing,0.0393,0.0,0.0393,23760.61,0.0,0.0,0.0
C000233,C_individual,10% discount offer,0.0393,0.0937,0.0,9407.67,881.54,150.0,4.88
C000233,C_individual,Free upgrade (3 months),0.0393,0.2059,0.0,9407.67,1937.03,400.0,3.84
C000233,C_individual,Personal account manager call,0.0393,0.2059,0.0,9407.67,1936.87,250.0,6.75
C000233,C_individual,Loyalty points bonus,0.0393,0.1978,0.0,9407.67,1860.54,80.0,22.26
C000233,C_individual,Do nothing,0.0393,0.0,0.0393,9407.67,0.0,0.0,0.0
C005455,C_individual,10% discount offer,0.0393,0.4737,0.0,7792.6,3691.22,150.0,23.61
C005455,C_individual,Free upgrade (3 months),0.0393,0.4746,0.0,7792.6,3698.6,400.0,8.25
C005455,C_individual,Personal account manager call,0.0393,0.0,0.0393,7792.6,0.0,250.0,-1.0
C005455,C_individual,Loyalty points bonus,0.0393,0.4174,0.0,7792.6,3252.75,80.0,39.66
C005455,C_individual,Do nothing,0.0393,0.0,0.0393,7792.6,0.0,0.0,0.0
C004464,B_smb,10% discount offer,0.0393,0.2397,0.0,18366.89,4402.95,150.0,28.35
C004464,B_smb,Free upgrade (3 months),0.0393,0.2401,0.0,18366.89,4410.68,400.0,10.03
C004464,B_smb,Personal account manager call,0.0393,0.238,0.0,18366.89,4371.12,250.0,16.48
C004464,B_smb,Loyalty points bonus,0.0393,0.2402,0.0,18366.89,4410.98,80.0,54.14
C004464,B_smb,Do nothing,0.0393,0.0,0.0393,18366.89,0.0,0.0,0.0
C005482,B_smb,10% discount offer,0.0391,0.0,0.0391,26224.77,0.0,150.0,-1.0
C005482,B_smb,Free upgrade (3 months),0.0391,0.0882,0.0,26224.77,2313.31,400.0,4.78
C005482,B_smb,Personal account manager call,0.0391,0.0852,0.0,26224.77,2235.18,250.0,7.94
C005482,B_smb,Loyalty points bonus,0.0391,0.0817,0.0,26224.77,2141.55,80.0,25.77
C005482,B_smb,Do nothing,0.0391,0.0,0.0391,26224.77,0.0,0.0,0.0
C005004,A_enterprise,10% discount offer,0.0391,0.7254,0.0,62134.38,45070.47,150.0,299.47
C005004,A_enterprise,Free upgrade (3 months),0.0391,0.7262,0.0,62134.38,45121.14,400.0,111.8
C005004,A_enterprise,Personal account manager call,0.0391,0.7257,0.0,62134.38,45089.7,250.0,179.36
C005004,A_enterprise,Loyalty points bonus,0.0391,0.7127,0.0,62134.38,44283.2,80.0,552.54
C005004,A_enterprise,Do nothing,0.0391,0.0,0.0391,62134.38,0.0,0.0,0.0
C003965,A_enterprise,10% discount offer,0.0391,0.1026,0.0,59126.74,6066.23,150.0,39.44
C003965,A_enterprise,Free upgrade (3 months),0.0391,0.1045,0.0,59126.74,6180.48,400.0,14.45
C003965,A_enterprise,Personal account manager call,0.0391,0.1032,0.0,59126.74,6103.51,250.0,23.41
C003965,A_enterprise,Loyalty points bonus,0.0391,0.1033,0.0,59126.74,6110.32,80.0,75.38
C003965,A_enterprise,Do nothing,0.0391,0.0,0.0391,59126.74,0.0,0.0,0.0
C004470,C_individual,10% discount offer,0.0391,0.0,0.0391,3072.56,0.0,150.0,-1.0
C004470,C_individual,Free upgrade (3 months),0.0391,0.1249,0.0,3072.56,383.91,400.0,-0.04
C004470,C_individual,Personal account manager call,0.0391,0.0958,0.0,3072.56,294.37,250.0,0.18
C004470,C_individual,Loyalty points bonus,0.0391,0.125,0.0,3072.56,384.22,80.0,3.8
C004470,C_individual,Do nothing,0.0391,0.0,0.0391,3072.56,0.0,0.0,0.0
C004828,C_individual,10% discount offer,0.0391,0.1942,0.0,6684.01,1298.15,150.0,7.65
C004828,C_individual,Free upgrade (3 months),0.0391,0.203,0.0,6684.01,1356.89,400.0,2.39
C004828,C_individual,Personal account manager call,0.0391,0.1951,0.0,6684.01,1304.03,250.0,4.22
C004828,C_individual,Loyalty points bonus,0.0391,0.2012,0.0,6684.01,1345.05,80.0,15.81
C004828,C_individual,Do nothing,0.0391,0.0,0.0391,6684.01,0.0,0.0,0.0
C004301,C_individual,10% discount offer,0.0391,0.4508,0.0,6388.22,2880.11,150.0,18.2
C004301,C_individual,Free upgrade (3 months),0.0391,0.4656,0.0,6388.22,2974.54,400.0,6.44
C004301,C_individual,Personal account manager call,0.0391,0.4442,0.0,6388.22,2837.9,250.0,10.35
C004301,C_individual,Loyalty points bonus,0.0391,0.4165,0.0,6388.22,2660.7,80.0,32.26
C004301,C_individual,Do nothing,0.0391,0.0,0.0391,6388.22,0.0,0.0,0.0
C005143,C_individual,10% discount offer,0.0391,0.2233,0.0,4899.4,1094.05,150.0,6.29
C005143,C_individual,Free upgrade (3 months),0.0391,0.2371,0.0,4899.4,1161.46,400.0,1.9
C005143,C_individual,Personal account manager call,0.0391,0.2364,0.0,4899.4,1158.06,250.0,3.63
C005143,C_individual,Loyalty points bonus,0.0391,0.2513,0.0,4899.4,1231.04,80.0,14.39
C005143,C_individual,Do nothing,0.0391,0.0,0.0391,4899.4,0.0,0.0,0.0
C004481,C_individual,10% discount offer,0.0391,0.8332,0.0,2997.0,2497.11,150.0,15.65
C004481,C_individual,Free upgrade (3 months),0.0391,0.8447,0.0,2997.0,2531.53,400.0,5.33
C004481,C_individual,Personal account manager call,0.0391,0.9364,0.0,2997.0,2806.45,250.0,10.23
C004481,C_individual,Loyalty points bonus,0.0391,0.934,0.0,2997.0,2799.08,80.0,33.99
C004481,C_individual,Do nothing,0.0391,0.0,0.0391,2997.0,0.0,0.0,0.0
C005628,A_enterprise,10% discount offer,0.0389,0.9161,0.0,48558.18,44481.97,150.0,295.55
C005628,A_enterprise,Free upgrade (3 months),0.0389,0.9258,0.0,48558.18,44956.95,400.0,111.39
C005628,A_enterprise,Personal account manager call,0.0389,0.9205,0.0,48558.18,44698.25,250.0,177.79
C005628,A_enterprise,Loyalty points bonus,0.0389,0.9229,0.0,48558.18,44815.38,80.0,559.19
C005628,A_enterprise,Do nothing,0.0389,0.0,0.0389,48558.18,0.0,0.0,0.0
C001097,C_individual,10% discount offer,0.0389,0.0561,0.0,4106.99,230.59,150.0,0.54
C001097,C_individual,Free upgrade (3 months),0.0389,0.0724,0.0,4106.99,297.18,400.0,-0.26
C001097,C_individual,Personal account manager call,0.0389,0.0701,0.0,4106.99,287.87,250.0,0.15
C001097,C_individual,Loyalty points bonus,0.0389,0.0621,0.0,4106.99,254.93,80.0,2.19
C001097,C_individual,Do nothing,0.0389,0.0,0.0389,4106.99,0.0,0.0,0.0
C000514,B_smb,10% discount offer,0.0389,0.1074,0.0,14774.1,1587.29,150.0,9.58
C000514,B_smb,Free upgrade (3 months),0.0389,0.0,0.0389,14774.1,0.0,400.0,-1.0
C000514,B_smb,Personal account manager call,0.0389,0.0927,0.0,14774.1,1369.82,250.0,4.48
C000514,B_smb,Loyalty points bonus,0.0389,0.1084,0.0,14774.1,1600.78,80.0,19.01
C000514,B_smb,Do nothing,0.0389,0.0,0.0389,14774.1,0.0,0.0,0.0
C001800,C_individual,10% discount offer,0.0389,0.0951,0.0,5428.4,516.44,150.0,2.44
C001800,C_individual,Free upgrade (3 months),0.0389,0.1133,0.0,5428.4,615.1,400.0,0.54
C001800,C_individual,Personal account manager call,0.0389,0.1089,0.0,5428.4,591.06,250.0,1.36
C001800,C_individual,Loyalty points bonus,0.0389,0.1156,0.0,5428.4,627.43,80.0,6.84
C001800,C_individual,Do nothing,0.0389,0.0,0.0389,5428.4,0.0,0.0,0.0
C001713,C_individual,10% discount offer,0.0389,0.1917,0.0,5664.33,1085.98,150.0,6.24
C001713,C_individual,Free upgrade (3 months),0.0389,0.2122,0.0,5664.33,1202.19,400.0,2.01
C001713,C_individual,Personal account manager call,0.0389,0.2234,0.0,5664.33,1265.62,250.0,4.06
C001713,C_individual,Loyalty points bonus,0.0389,0.2277,0.0,5664.33,1289.81,80.0,15.12
C001713,C_individual,Do nothing,0.0389,0.0,0.0389,5664.33,0.0,0.0,0.0
C000862,C_individual,10% discount offer,0.0389,0.0,0.0389,6860.09,0.0,150.0,-1.0
C000862,C_individual,Free upgrade (3 months),0.0389,0.0647,0.0,6860.09,444.14,400.0,0.11
C000862,C_individual,Personal account manager call,0.0389,0.0655,0.0,6860.09,449.28,250.0,0.8
C000862,C_individual,Loyalty points bonus,0.0389,0.0427,0.0,6860.09,292.6,80.0,2.66
C000862,C_individual,Do nothing,0.0389,0.0,0.0389,6860.09,0.0,0.0,0.0
C001208,B_smb,10% discount offer,0.0389,0.175,0.0,17131.76,2998.68,150.0,18.99
C001208,B_smb,Free upgrade (3 months),0.0389,0.1751,0.0,17131.76,2999.41,400.0,6.5
C001208,B_smb,Personal account manager call,0.0389,0.1635,0.0,17131.76,2801.71,250.0,10.21
C001208,B_smb,Loyalty points bonus,0.0389,0.1709,0.0,17131.76,2927.77,80.0,35.6
C001208,B_smb,Do nothing,0.0389,0.0,0.0389,17131.76,0.0,0.0,0.0
C000916,A_enterprise,10% discount offer,0.0389,0.0872,0.0,52324.21,4564.62,150.0,29.43
C000916,A_enterprise,Free upgrade (3 months),0.0389,0.1072,0.0,52324.21,5607.25,400.0,13.02
C000916,A_enterprise,Personal account manager call,0.0389,0.1003,0.0,52324.21,5249.34,250.0,20.0
C000916,A_enterprise,Loyalty points bonus,0.0389,0.107,0.0,52324.21,5599.56,80.0,68.99
C000916,A_enterprise,Do nothing,0.0389,0.0,0.0389,52324.21,0.0,0.0,0.0
C001635,B_smb,10% discount offer,0.0389,0.1903,0.0,16298.8,3100.92,150.0,19.67
C001635,B_smb,Free upgrade (3 months),0.0389,0.1804,0.0,16298.8,2939.94,400.0,6.35
C001635,B_smb,Personal account manager call,0.0389,0.1769,0.0,16298.8,2883.78,250.0,10.54
C001635,B_smb,Loyalty points bonus,0.0389,0.1889,0.0,16298.8,3078.2,80.0,37.48
C001635,B_smb,Do nothing,0.0389,0.0,0.0389,16298.8,0.0,0.0,0.0
C000329,B_smb,10% discount offer,0.0389,0.1023,0.0,12004.19,1227.57,150.0,7.18
C000329,B_smb,Free upgrade (3 months),0.0389,0.1191,0.0,12004.19,1429.99,400.0,2.57
C000329,B_smb,Personal account manager call,0.0389,0.1103,0.0,12004.19,1324.54,250.0,4.3
C000329,B_smb,Loyalty points bonus,0.0389,0.1189,0.0,12004.19,1427.68,80.0,16.85
C000329,B_smb,Do nothing,0.0389,0.0,0.0389,12004.19,0.0,0.0,0.0
C001300,B_smb,10% discount offer,0.0389,0.241,0.0,20049.56,4832.94,150.0,31.22
C001300,B_smb,Free upgrade (3 months),0.0389,0.244,0.0,20049.56,4892.97,400.0,11.23
C001300,B_smb,Personal account manager call,0.0389,0.2352,0.0,20049.56,4715.16,250.0,17.86
C001300,B_smb,Loyalty points bonus,0.0389,0.1914,0.0,20049.56,3837.89,80.0,46.97
C001300,B_smb,Do nothing,0.0389,0.0,0.0389,20049.56,0.0,0.0,0.0
C002573,C_individual,10% discount offer,0.0388,0.0,0.0388,3368.01,0.0,150.0,-1.0
C002573,C_individual,Free upgrade (3 months),0.0388,0.0,0.0388,3368.01,0.0,400.0,-1.0
C002573,C_individual,Personal account manager call,0.0388,0.0795,0.0,3368.01,267.66,250.0,0.07
C002573,C_individual,Loyalty points bonus,0.0388,0.0826,0.0,3368.01,278.3,80.0,2.48
C002573,C_individual,Do nothing,0.0388,0.0,0.0388,3368.01,0.0,0.0,0.0
C005251,A_enterprise,10% discount offer,0.0385,0.1265,0.0,70136.44,8874.3,150.0,58.16
C005251,A_enterprise,Free upgrade (3 months),0.0385,0.1299,0.0,70136.44,9108.21,400.0,21.77
C005251,A_enterprise,Personal account manager call,0.0385,0.1285,0.0,70136.44,9013.75,250.0,35.05
C005251,A_enterprise,Loyalty points bonus,0.0385,0.1198,0.0,70136.44,8399.22,80.0,103.99
C005251,A_enterprise,Do nothing,0.0385,0.0,0.0385,70136.44,0.0,0.0,0.0
C003421,B_smb,10% discount offer,0.0384,0.0,0.0384,20356.83,0.0,150.0,-1.0
C003421,B_smb,Free upgrade (3 months),0.0384,0.0332,0.0052,20356.83,676.59,400.0,0.69
C003421,B_smb,Personal account manager call,0.0384,0.0294,0.009,20356.83,599.32,250.0,1.4
C003421,B_smb,Loyalty points bonus,0.0384,0.0288,0.0096,20356.83,585.66,80.0,6.32
C003421,B_smb,Do nothing,0.0384,0.0,0.0384,20356.83,0.0,0.0,0.0
C003999,B_smb,10% discount offer,0.0384,0.0677,0.0,15925.84,1078.15,150.0,6.19
C003999,B_smb,Free upgrade (3 months),0.0384,0.069,0.0,15925.84,1099.52,400.0,1.75
C003999,B_smb,Personal account manager call,0.0384,0.0547,0.0,15925.84,870.9,250.0,2.48
C003999,B_smb,Loyalty points bonus,0.0384,0.0335,0.0049,15925.84,533.86,80.0,5.67
C003999,B_smb,Do nothing,0.0384,0.0,0.0384,15925.84,0.0,0.0,0.0
C003159,B_smb,10% discount offer,0.0384,0.1812,0.0,13554.56,2456.38,150.0,15.38
C003159,B_smb,Free upgrade (3 months),0.0384,0.2314,0.0,13554.56,3136.54,400.0,6.84
C003159,B_smb,Personal account manager call,0.0384,0.116,0.0,13554.56,1572.6,250.0,5.29
C003159,B_smb,Loyalty points bonus,0.0384,0.2316,0.0,13554.56,3138.96,80.0,38.24
C003159,B_smb,Do nothing,0.0384,0.0,0.0384,13554.56,0.0,0.0,0.0
C003092,C_individual,10% discount offer,0.0384,0.0,0.0384,6561.78,0.0,150.0,-1.0
C003092,C_individual,Free upgrade (3 months),0.0384,0.033,0.0054,6561.78,216.49,400.0,-0.46
C003092,C_individual,Personal account manager call,0.0384,0.0285,0.0099,6561.78,186.88,250.0,-0.25
C003092,C_individual,Loyalty points bonus,0.0384,0.0345,0.0039,6561.78,226.26,80.0,1.83
C003092,C_individual,Do nothing,0.0384,0.0,0.0384,6561.78,0.0,0.0,0.0
C003089,C_individual,10% discount offer,0.0384,0.3736,0.0,3797.19,1418.5,150.0,8.46
C003089,C_individual,Free upgrade (3 months),0.0384,0.3958,0.0,3797.19,1502.95,400.0,2.76
C003089,C_individual,Personal account manager call,0.0384,0.3966,0.0,3797.19,1506.06,250.0,5.02
C003089,C_individual,Loyalty points bonus,0.0384,0.3963,0.0,3797.19,1504.83,80.0,17.81
C003089,C_individual,Do nothing,0.0384,0.0,0.0384,3797.19,0.0,0.0,0.0
C003431,C_individual,10% discount offer,0.0384,0.2591,0.0,9025.89,2338.55,150.0,14.59
C003431,C_individual,Free upgrade (3 months),0.0384,0.2617,0.0,9025.89,2362.05,400.0,4.91
C003431,C_individual,Personal account manager call,0.0384,0.2528,0.0,9025.89,2281.51,250.0,8.13
C003431,C_individual,Loyalty points bonus,0.0384,0.1889,0.0,9025.89,1705.39,80.0,20.32
C003431,C_individual,Do nothing,0.0384,0.0,0.0384,9025.89,0.0,0.0,0.0
C003278,B_smb,10% discount offer,0.0384,0.0641,0.0,11621.81,745.44,150.0,3.97
C003278,B_smb,Free upgrade (3 months),0.0384,0.1953,0.0,11621.81,2269.47,400.0,4.67
C003278,B_smb,Personal account manager call,0.0384,0.0,0.0384,11621.81,0.0,250.0,-1.0
C003278,B_smb,Loyalty points bonus,0.0384,0.2023,0.0,11621.81,2350.56,80.0,28.38
C003278,B_smb,Do nothing,0.0384,0.0,0.0384,11621.81,0.0,0.0,0.0
C003294,B_smb,10% discount offer,0.0384,0.0484,0.0,19221.48,929.93,150.0,5.2
C003294,B_smb,Free upgrade (3 months),0.0384,0.0467,0.0,19221.48,897.82,400.0,1.24
C003294,B_smb,Personal account manager call,0.0384,0.0378,0.0006,19221.48,727.43,250.0,1.91
C003294,B_smb,Loyalty points bonus,0.0384,0.0484,0.0,19221.48,931.23,80.0,10.64
C003294,B_smb,Do nothing,0.0384,0.0,0.0384,19221.48,0.0,0.0,0.0
C001423,B_smb,10% discount offer,0.0384,0.0243,0.0141,15307.89,371.51,150.0,1.48
C001423,B_smb,Free upgrade (3 months),0.0384,0.0726,0.0,15307.89,1110.59,400.0,1.78
C001423,B_smb,Personal account manager call,0.0384,0.0341,0.0043,15307.89,521.39,250.0,1.09
C001423,B_smb,Loyalty points bonus,0.0384,0.0718,0.0,15307.89,1098.57,80.0,12.73
C001423,B_smb,Do nothing,0.0384,0.0,0.0384,15307.89,0.0,0.0,0.0
C005257,B_smb,10% discount offer,0.0384,0.0515,0.0,16999.49,875.85,150.0,4.84
C005257,B_smb,Free upgrade (3 months),0.0384,0.0527,0.0,16999.49,895.98,400.0,1.24
C005257,B_smb,Personal account manager call,0.0384,0.0385,0.0,16999.49,654.48,250.0,1.62
C005257,B_smb,Loyalty points bonus,0.0384,0.0499,0.0,16999.49,848.18,80.0,9.6
C005257,B_smb,Do nothing,0.0384,0.0,0.0384,16999.49,0.0,0.0,0.0
C004467,C_individual,10% discount offer,0.0384,0.0293,0.0091,6519.22,190.82,150.0,0.27
C004467,C_individual,Free upgrade (3 months),0.0384,0.107,0.0,6519.22,697.52,400.0,0.74
C004467,C_individual,Personal account manager call,0.0384,0.1061,0.0,6519.22,691.57,250.0,1.77
C004467,C_individual,Loyalty points bonus,0.0384,0.1078,0.0,6519.22,702.97,80.0,7.79
C004467,C_individual,Do nothing,0.0384,0.0,0.0384,6519.22,0.0,0.0,0.0
C004178,C_individual,10% discount offer,0.0384,0.1582,0.0,4048.0,640.43,150.0,3.27
C004178,C_individual,Free upgrade (3 months),0.0384,0.1528,0.0,4048.0,618.57,400.0,0.55
C004178,C_individual,Personal account manager call,0.0384,0.1709,0.0,4048.0,691.87,250.0,1.77
C004178,C_individual,Loyalty points bonus,0.0384,0.1713,0.0,4048.0,693.42,80.0,7.67
C004178,C_individual,Do nothing,0.0384,0.0,0.0384,4048.0,0.0,0.0,0.0
C002523,C_individual,10% discount offer,0.0384,0.1011,0.0,5369.92,542.94,150.0,2.62
C002523,C_individual,Free upgrade (3 months),0.0384,0.0149,0.0235,5369.92,80.0,400.0,-0.8
C002523,C_individual,Personal account manager call,0.0384,0.0988,0.0,5369.92,530.65,250.0,1.12
C002523,C_individual,Loyalty points bonus,0.0384,0.1015,0.0,5369.92,545.06,80.0,5.81
C002523,C_individual,Do nothing,0.0384,0.0,0.0384,5369.92,0.0,0.0,0.0
C003289,B_smb,10% discount offer,0.0384,0.0436,0.0,20082.66,876.32,150.0,4.84
C003289,B_smb,Free upgrade (3 months),0.0384,0.0416,0.0,20082.66,835.07,400.0,1.09
C003289,B_smb,Personal account manager call,0.0384,0.0381,0.0003,20082.66,765.03,250.0,2.06
C003289,B_smb,Loyalty points bonus,0.0384,0.0435,0.0,20082.66,874.1,80.0,9.93
C003289,B_smb,Do nothing,0.0384,0.0,0.0384,20082.66,0.0,0.0,0.0
C000262,B_smb,10% discount offer,0.0384,0.1456,0.0,11234.35,1635.3,150.0,9.9
C000262,B_smb,Free upgrade (3 months),0.0384,0.1639,0.0,11234.35,1841.4,400.0,3.6
C000262,B_smb,Personal account manager call,0.0384,0.0,0.0384,11234.35,0.0,250.0,-1.0
C000262,B_smb,Loyalty points bonus,0.0384,0.0154,0.023,11234.35,172.93,80.0,1.16
C000262,B_smb,Do nothing,0.0384,0.0,0.0384,11234.35,0.0,0.0,0.0
C002111,C_individual,10% discount offer,0.0384,0.0,0.0384,6280.39,0.0,150.0,-1.0
C002111,C_individual,Free upgrade (3 months),0.0384,0.0314,0.007,6280.39,197.02,400.0,-0.51
C002111,C_individual,Personal account manager call,0.0384,0.0,0.0384,6280.39,0.0,250.0,-1.0
C002111,C_individual,Loyalty points bonus,0.0384,0.0314,0.007,6280.39,197.08,80.0,1.46
C002111,C_individual,Do nothing,0.0384,0.0,0.0384,6280.39,0.0,0.0,0.0
C000415,B_smb,10% discount offer,0.0384,0.0312,0.0072,15875.11,494.53,150.0,2.3
C000415,B_smb,Free upgrade (3 months),0.0384,0.1901,0.0,15875.11,3017.92,400.0,6.54
C000415,B_smb,Personal account manager call,0.0384,0.0,0.0384,15875.11,0.0,250.0,-1.0
C000415,B_smb,Loyalty points bonus,0.0384,0.1813,0.0,15875.11,2878.61,80.0,34.98
C000415,B_smb,Do nothing,0.0384,0.0,0.0384,15875.11,0.0,0.0,0.0
C001321,B_smb,10% discount offer,0.0382,0.1796,0.0,17682.69,3175.72,150.0,20.17
C001321,B_smb,Free upgrade (3 months),0.0382,0.1827,0.0,17682.69,3230.01,400.0,7.08
C001321,B_smb,Personal account manager call,0.0382,0.0722,0.0,17682.69,1276.47,250.0,4.11
C001321,B_smb,Loyalty points bonus,0.0382,0.1799,0.0,17682.69,3180.68,80.0,38.76
C001321,B_smb,Do nothing,0.0382,0.0,0.0382,17682.69,0.0,0.0,0.0
C001689,B_smb,10% discount offer,0.0382,0.1251,0.0,16945.23,2120.52,150.0,13.14
C001689,B_smb,Free upgrade (3 months),0.0382,0.0905,0.0,16945.23,1533.24,400.0,2.83
C001689,B_smb,Personal account manager call,0.0382,0.1139,0.0,16945.23,1929.47,250.0,6.72
C001689,B_smb,Loyalty points bonus,0.0382,0.1283,0.0,16945.23,2174.76,80.0,26.18
C001689,B_smb,Do nothing,0.0382,0.0,0.0382,16945.23,0.0,0.0,0.0
C005201,B_smb,10% discount offer,0.0382,0.05,0.0,17143.27,857.67,150.0,4.72
C005201,B_smb,Free upgrade (3 months),0.0382,0.0,0.0382,17143.27,0.0,400.0,-1.0
C005201,B_smb,Personal account manager call,0.0382,0.0502,0.0,17143.27,860.71,250.0,2.44
C005201,B_smb,Loyalty points bonus,0.0382,0.0528,0.0,17143.27,904.6,80.0,10.31
C005201,B_smb,Do nothing,0.0382,0.0,0.0382,17143.27,0.0,0.0,0.0
C000130,B_smb,10% discount offer,0.0382,0.231,0.0,20310.33,4690.85,150.0,30.27
C000130,B_smb,Free upgrade (3 months),0.0382,0.2171,0.0,20310.33,4409.83,400.0,10.02
C000130,B_smb,Personal account manager call,0.0382,0.2609,0.0,20310.33,5299.85,250.0,20.2
C000130,B_smb,Loyalty points bonus,0.0382,0.1481,0.0,20310.33,3008.79,80.0,36.61
C000130,B_smb,Do nothing,0.0382,0.0,0.0382,20310.33,0.0,0.0,0.0
C000987,A_enterprise,10% discount offer,0.0382,0.1198,0.0,60419.85,7239.9,150.0,47.27
C000987,A_enterprise,Free upgrade (3 months),0.0382,0.1193,0.0,60419.85,7209.24,400.0,17.02
C000987,A_enterprise,Personal account manager call,0.0382,0.1159,0.0,60419.85,7001.2,250.0,27.0
C000987,A_enterprise,Loyalty points bonus,0.0382,0.119,0.0,60419.85,7190.64,80.0,88.88
C000987,A_enterprise,Do nothing,0.0382,0.0,0.0382,60419.85,0.0,0.0,0.0
C001005,B_smb,10% discount offer,0.0382,0.0313,0.0069,17778.64,556.51,150.0,2.71
C001005,B_smb,Free upgrade (3 months),0.0382,0.0527,0.0,17778.64,937.3,400.0,1.34
C001005,B_smb,Personal account manager call,0.0382,0.0457,0.0,17778.64,812.66,250.0,2.25
C001005,B_smb,Loyalty points bonus,0.0382,0.0525,0.0,17778.64,933.89,80.0,10.67
C001005,B_smb,Do nothing,0.0382,0.0,0.0382,17778.64,0.0,0.0,0.0
C001320,B_smb,10% discount offer,0.0382,0.3062,0.0,19924.33,6099.98,150.0,39.67
C001320,B_smb,Free upgrade (3 months),0.0382,0.3215,0.0,19924.33,6405.37,400.0,15.01
C001320,B_smb,Personal account manager call,0.0382,0.2418,0.0,19924.33,4816.72,250.0,18.27
C001320,B_smb,Loyalty points bonus,0.0382,0.3204,0.0,19924.33,6383.69,80.0,78.8
C001320,B_smb,Do nothing,0.0382,0.0,0.0382,19924.33,0.0,0.0,0.0
C001055,C_individual,10% discount offer,0.0382,0.1043,0.0,4603.12,479.93,150.0,2.2
C001055,C_individual,Free upgrade (3 months),0.0382,0.1042,0.0,4603.12,479.74,400.0,0.2
C001055,C_individual,Personal account manager call,0.0382,0.0839,0.0,4603.12,386.33,250.0,0.55
C001055,C_individual,Loyalty points bonus,0.0382,0.1065,0.0,4603.12,490.08,80.0,5.13
C001055,C_individual,Do nothing,0.0382,0.0,0.0382,4603.12,0.0,0.0,0.0
C002666,C_individual,10% discount offer,0.0381,0.9082,0.0,5684.42,5162.42,150.0,33.42
C002666,C_individual,Free upgrade (3 months),0.0381,0.9104,0.0,5684.42,5175.18,400.0,11.94
C002666,C_individual,Personal account manager call,0.0381,0.7901,0.0,5684.42,4491.53,250.0,16.97
C002666,C_individual,Loyalty points bonus,0.0381,0.9077,0.0,5684.42,5159.56,80.0,63.49
C002666,C_individual,Do nothing,0.0381,0.0,0.0381,5684.42,0.0,0.0,0.0
C002770,B_smb,10% discount offer,0.0381,0.0269,0.0111,15862.56,427.22,150.0,1.85
C002770,B_smb,Free upgrade (3 months),0.0381,0.0516,0.0,15862.56,819.15,400.0,1.05
C002770,B_smb,Personal account manager call,0.0381,0.0,0.0381,15862.56,0.0,250.0,-1.0
C002770,B_smb,Loyalty points bonus,0.0381,0.0607,0.0,15862.56,963.07,80.0,11.04
C002770,B_smb,Do nothing,0.0381,0.0,0.0381,15862.56,0.0,0.0,0.0
C003888,C_individual,10% discount offer,0.0381,0.0005,0.0375,2956.34,1.6,150.0,-0.99
C003888,C_individual,Free upgrade (3 months),0.0381,0.1462,0.0,2956.34,432.09,400.0,0.08
C003888,C_individual,Personal account manager call,0.0381,0.1433,0.0,2956.34,423.63,250.0,0.69
C003888,C_individual,Loyalty points bonus,0.0381,0.1392,0.0,2956.34,411.57,80.0,4.14
C003888,C_individual,Do nothing,0.0381,0.0,0.0381,2956.34,0.0,0.0,0.0
C003360,B_smb,10% discount offer,0.0381,0.4916,0.0,15893.94,7812.74,150.0,51.08
C003360,B_smb,Free upgrade (3 months),0.0381,0.5057,0.0,15893.94,8037.09,400.0,19.09
C003360,B_smb,Personal account manager call,0.0381,0.4815,0.0,15893.94,7653.65,250.0,29.61
C003360,B_smb,Loyalty points bonus,0.0381,0.5052,0.0,15893.94,8029.98,80.0,99.37
C003360,B_smb,Do nothing,0.0381,0.0,0.0381,15893.94,0.0,0.0,0.0
C003901,C_individual,10% discount offer,0.038,0.0,0.038,5790.26,0.0,150.0,-1.0
C003901,C_individual,Free upgrade (3 months),0.038,0.1241,0.0,5790.26,718.45,400.0,0.8
C003901,C_individual,Personal account manager call,0.038,0.1206,0.0,5790.26,698.27,250.0,1.79
C003901,C_individual,Loyalty points bonus,0.038,0.1187,0.0,5790.26,687.41,80.0,7.59
C003901,C_individual,Do nothing,0.038,0.0,0.038,5790.26,0.0,0.0,0.0
C003044,C_individual,10% discount offer,0.0376,0.0,0.0376,6889.79,0.0,150.0,-1.0
C003044,C_individual,Free upgrade (3 months),0.0376,0.1327,0.0,6889.79,914.59,400.0,1.29
C003044,C_individual,Personal account manager call,0.0376,0.1327,0.0,6889.79,914.31,250.0,2.66
C003044,C_individual,Loyalty points bonus,0.0376,0.0,0.0376,6889.79,0.0,80.0,-1.0
C003044,C_individual,Do nothing,0.0376,0.0,0.0376,6889.79,0.0,0.0,0.0
C001875,C_individual,10% discount offer,0.0373,0.0658,0.0,4751.02,312.53,150.0,1.08
C001875,C_individual,Free upgrade (3 months),0.0373,0.0704,0.0,4751.02,334.29,400.0,-0.16
C001875,C_individual,Personal account manager call,0.0373,0.0632,0.0,4751.02,300.41,250.0,0.2
C001875,C_individual,Loyalty points bonus,0.0373,0.0706,0.0,4751.02,335.28,80.0,3.19
C001875,C_individual,Do nothing,0.0373,0.0,0.0373,4751.02,0.0,0.0,0.0
C001202,C_individual,10% discount offer,0.0373,0.0336,0.0037,4529.23,152.08,150.0,0.01
C001202,C_individual,Free upgrade (3 months),0.0373,0.0362,0.0012,4529.23,163.79,400.0,-0.59
C001202,C_individual,Personal account manager call,0.0373,0.0224,0.0149,4529.23,101.36,250.0,-0.59
C001202,C_individual,Loyalty points bonus,0.0373,0.0239,0.0134,4529.23,108.21,80.0,0.35
C001202,C_individual,Do nothing,0.0373,0.0,0.0373,4529.23,0.0,0.0,0.0
C001590,B_smb,10% discount offer,0.0373,0.2123,0.0,9823.09,2085.44,150.0,12.9
C001590,B_smb,Free upgrade (3 months),0.0373,0.2185,0.0,9823.09,2146.43,400.0,4.37
C001590,B_smb,Personal account manager call,0.0373,0.1581,0.0,9823.09,1553.03,250.0,5.21
C001590,B_smb,Loyalty points bonus,0.0373,0.0,0.0373,9823.09,0.0,80.0,-1.0
C001590,B_smb,Do nothing,0.0373,0.0,0.0373,9823.09,0.0,0.0,0.0
C001503,B_smb,10% discount offer,0.0373,0.0667,0.0,13129.48,875.62,150.0,4.84
C001503,B_smb,Free upgrade (3 months),0.0373,0.0905,0.0,13129.48,1188.18,400.0,1.97
C001503,B_smb,Personal account manager call,0.0373,0.0,0.0373,13129.48,0.0,250.0,-1.0
C001503,B_smb,Loyalty points bonus,0.0373,0.0894,0.0,13129.48,1173.32,80.0,13.67
C001503,B_smb,Do nothing,0.0373,0.0,0.0373,13129.48,0.0,0.0,0.0
C000266,B_smb,10% discount offer,0.0373,0.0,0.0373,11770.61,0.0,150.0,-1.0
C000266,B_smb,Free upgrade (3 months),0.0373,0.2175,0.0,11770.61,2560.57,400.0,5.4
C000266,B_smb,Personal account manager call,0.0373,0.1992,0.0,11770.61,2344.8,250.0,8.38
C000266,B_smb,Loyalty points bonus,0.0373,0.2186,0.0,11770.61,2573.07,80.0,31.16
C000266,B_smb,Do nothing,0.0373,0.0,0.0373,11770.61,0.0,0.0,0.0
C000133,B_smb,10% discount offer,0.0373,0.2546,0.0,11567.34,2944.64,150.0,18.63
C000133,B_smb,Free upgrade (3 months),0.0373,0.2586,0.0,11567.34,2990.97,400.0,6.48
C000133,B_smb,Personal account manager call,0.0373,0.2024,0.0,11567.34,2341.18,250.0,8.36
C000133,B_smb,Loyalty points bonus,0.0373,0.0,0.0373,11567.34,0.0,80.0,-1.0
C000133,B_smb,Do nothing,0.0373,0.0,0.0373,11567.34,0.0,0.0,0.0
C000507,C_individual,10% discount offer,0.0373,0.0,0.0373,6589.74,0.0,150.0,-1.0
C000507,C_individual,Free upgrade (3 months),0.0373,0.0713,0.0,6589.74,469.57,400.0,0.17
C000507,C_individual,Personal account manager call,0.0373,0.0786,0.0,6589.74,517.87,250.0,1.07
C000507,C_individual,Loyalty points bonus,0.0373,0.0787,0.0,6589.74,518.91,80.0,5.49
C000507,C_individual,Do nothing,0.0373,0.0,0.0373,6589.74,0.0,0.0,0.0
C002280,B_smb,10% discount offer,0.0373,0.1427,0.0,16230.8,2315.8,150.0,14.44
C002280,B_smb,Free upgrade (3 months),0.0373,0.3252,0.0,16230.8,5279.01,400.0,12.2
C002280,B_smb,Personal account manager call,0.0373,0.0,0.0373,16230.8,0.0,250.0,-1.0
C002280,B_smb,Loyalty points bonus,0.0373,0.3256,0.0,16230.8,5285.28,80.0,65.07
C002280,B_smb,Do nothing,0.0373,0.0,0.0373,16230.8,0.0,0.0,0.0
C001306,C_individual,10% discount offer,0.0373,0.265,0.0,2861.91,758.29,150.0,4.06
C001306,C_individual,Free upgrade (3 months),0.0373,0.328,0.0,2861.91,938.74,400.0,1.35
C001306,C_individual,Personal account manager call,0.0373,0.3262,0.0,2861.91,933.53,250.0,2.73
C001306,C_individual,Loyalty points bonus,0.0373,0.3274,0.0,2861.91,936.89,80.0,10.71
C001306,C_individual,Do nothing,0.0373,0.0,0.0373,2861.91,0.0,0.0,0.0
C005437,B_smb,10% discount offer,0.0373,0.0,0.0373,18505.83,0.0,150.0,-1.0
C005437,B_smb,Free upgrade (3 months),0.0373,0.0416,0.0,18505.83,770.56,400.0,0.93
C005437,B_smb,Personal account manager call,0.0373,0.0257,0.0116,18505.83,476.06,250.0,0.9
C005437,B_smb,Loyalty points bonus,0.0373,0.0149,0.0225,18505.83,274.85,80.0,2.44
C005437,B_smb,Do nothing,0.0373,0.0,0.0373,18505.83,0.0,0.0,0.0
C000751,B_smb,10% discount offer,0.0373,0.0813,0.0,18462.14,1500.72,150.0,9.0
C000751,B_smb,Free upgrade (3 months),0.0373,0.081,0.0,18462.14,1494.59,400.0,2.74
C000751,B_smb,Personal account manager call,0.0373,0.0639,0.0,18462.14,1178.82,250.0,3.72
C000751,B_smb,Loyalty points bonus,0.0373,0.0464,0.0,18462.14,857.05,80.0,9.71
C000751,B_smb,Do nothing,0.0373,0.0,0.0373,18462.14,0.0,0.0,0.0
C003277,C_individual,10% discount offer,0.0373,0.0,0.0373,2449.08,0.0,150.0,-1.0
C003277,C_individual,Free upgrade (3 months),0.0373,0.197,0.0,2449.08,482.5,400.0,0.21
C003277,C_individual,Personal account manager call,0.0373,0.1945,0.0,2449.08,476.37,250.0,0.91
C003277,C_individual,Loyalty points bonus,0.0373,0.1946,0.0,2449.08,476.53,80.0,4.96
C003277,C_individual,Do nothing,0.0373,0.0,0.0373,2449.08,0.0,0.0,0.0
C003626,C_individual,10% discount offer,0.0373,0.0,0.0373,6863.08,0.0,150.0,-1.0
C003626,C_individual,Free upgrade (3 months),0.0373,0.0276,0.0097,6863.08,189.55,400.0,-0.53
C003626,C_individual,Personal account manager call,0.0373,0.025,0.0123,6863.08,171.51,250.0,-0.31
C003626,C_individual,Loyalty points bonus,0.0373,0.0277,0.0095,6863.08,190.41,80.0,1.38
C003626,C_individual,Do nothing,0.0373,0.0,0.0373,6863.08,0.0,0.0,0.0
C004427,A_enterprise,10% discount offer,0.0372,0.2959,0.0,52208.66,15450.24,150.0,102.0
C004427,A_enterprise,Free upgrade (3 months),0.0372,0.3474,0.0,52208.66,18135.5,400.0,44.34
C004427,A_enterprise,Personal account manager call,0.0372,0.3308,0.0,52208.66,17272.73,250.0,68.09
C004427,A_enterprise,Loyalty points bonus,0.0372,0.343,0.0,52208.66,17910.11,80.0,222.88
C004427,A_enterprise,Do nothing,0.0372,0.0,0.0372,52208.66,0.0,0.0,0.0
C005850,C_individual,10% discount offer,0.0372,0.1274,0.0,2063.51,262.88,150.0,0.75
C005850,C_individual,Free upgrade (3 months),0.0372,0.1293,0.0,2063.51,266.81,400.0,-0.33
C005850,C_individual,Personal account manager call,0.0372,0.1307,0.0,2063.51,269.62,250.0,0.08
C005850,C_individual,Loyalty points bonus,0.0372,0.1307,0.0,2063.51,269.72,80.0,2.37
C005850,C_individual,Do nothing,0.0372,0.0,0.0372,2063.51,0.0,0.0,0.0
C005325,A_enterprise,10% discount offer,0.0372,0.0892,0.0,61995.99,5533.08,150.0,35.89
C005325,A_enterprise,Free upgrade (3 months),0.0372,0.0896,0.0,61995.99,5554.93,400.0,12.89
C005325,A_enterprise,Personal account manager call,0.0372,0.0881,0.0,61995.99,5464.91,250.0,20.86
C005325,A_enterprise,Loyalty points bonus,0.0372,0.0891,0.0,61995.99,5524.72,80.0,68.06
C005325,A_enterprise,Do nothing,0.0372,0.0,0.0372,61995.99,0.0,0.0,0.0
C005694,C_individual,10% discount offer,0.0372,0.0623,0.0,4348.75,270.83,150.0,0.81
C005694,C_individual,Free upgrade (3 months),0.0372,0.0896,0.0,4348.75,389.59,400.0,-0.03
C005694,C_individual,Personal account manager call,0.0372,0.1161,0.0,4348.75,504.99,250.0,1.02
C005694,C_individual,Loyalty points bonus,0.0372,0.1179,0.0,4348.75,512.81,80.0,5.41
C005694,C_individual,Do nothing,0.0372,0.0,0.0372,4348.75,0.0,0.0,0.0
C005978,B_smb,10% discount offer,0.037,0.3437,0.0,14069.23,4835.39,150.0,31.24
C005978,B_smb,Free upgrade (3 months),0.037,0.3702,0.0,14069.23,5208.63,400.0,12.02
C005978,B_smb,Personal account manager call,0.037,0.3613,0.0,14069.23,5083.66,250.0,19.33
C005978,B_smb,Loyalty points bonus,0.037,0.3719,0.0,14069.23,5232.48,80.0,64.41
C005978,B_smb,Do nothing,0.037,0.0,0.037,14069.23,0.0,0.0,0.0
C005974,C_individual,10% discount offer,0.037,0.0622,0.0,3882.76,241.45,150.0,0.61
C005974,C_individual,Free upgrade (3 months),0.037,0.072,0.0,3882.76,279.4,400.0,-0.3
C005974,C_individual,Personal account manager call,0.037,0.0486,0.0,3882.76,188.55,250.0,-0.25
C005974,C_individual,Loyalty points bonus,0.037,0.0721,0.0,3882.76,279.94,80.0,2.5
C005974,C_individual,Do nothing,0.037,0.0,0.037,3882.76,0.0,0.0,0.0
C003302,B_smb,10% discount offer,0.0369,0.306,0.0,13275.15,4062.27,150.0,26.08
C003302,B_smb,Free upgrade (3 months),0.0369,0.3384,0.0,13275.15,4492.83,400.0,10.23
C003302,B_smb,Personal account manager call,0.0369,0.318,0.0,13275.15,4221.05,250.0,15.88
C003302,B_smb,Loyalty points bonus,0.0369,0.3539,0.0,13275.15,4698.27,80.0,57.73
C003302,B_smb,Do nothing,0.0369,0.0,0.0369,13275.15,0.0,0.0,0.0
C005060,B_smb,10% discount offer,0.0367,0.0,0.0367,19009.79,0.0,150.0,-1.0
C005060,B_smb,Free upgrade (3 months),0.0367,0.1583,0.0,19009.79,3009.72,400.0,6.52
C005060,B_smb,Personal account manager call,0.0367,0.1578,0.0,19009.79,2998.99,250.0,11.0
C005060,B_smb,Loyalty points bonus,0.0367,0.1353,0.0,19009.79,2572.55,80.0,31.16
C005060,B_smb,Do nothing,0.0367,0.0,0.0367,19009.79,0.0,0.0,0.0
C004977,B_smb,10% discount offer,0.0367,0.0587,0.0,12845.58,753.62,150.0,4.02
C004977,B_smb,Free upgrade (3 months),0.0367,0.061,0.0,12845.58,784.19,400.0,0.96
C004977,B_smb,Personal account manager call,0.0367,0.0449,0.0,12845.58,576.27,250.0,1.31
C004977,B_smb,Loyalty points bonus,0.0367,0.0564,0.0,12845.58,724.37,80.0,8.05
C004977,B_smb,Do nothing,0.0367,0.0,0.0367,12845.58,0.0,0.0,0.0
C001693,C_individual,10% discount offer,0.0367,0.8807,0.0,4972.64,4379.17,150.0,28.19
C001693,C_individual,Free upgrade (3 months),0.0367,0.8817,0.0,4972.64,4384.2,400.0,9.96
C001693,C_individual,Personal account manager call,0.0367,0.4612,0.0,4972.64,2293.23,250.0,8.17
C001693,C_individual,Loyalty points bonus,0.0367,0.8801,0.0,4972.64,4376.23,80.0,53.7
C001693,C_individual,Do nothing,0.0367,0.0,0.0367,4972.64,0.0,0.0,0.0
